标题,价格,销量,店铺,链接
BD能量高纯一水肌酸粉袋装100g健身运动力量耐力爆发力非氮泵,9.9,3万+人付款,BANNYDEER旗舰店,https://click.simba.taobao.com/cc_im?p=%BC%A1%CB%E1&s=1657256488&k=2649&e=y4t2a42U2Dgbfa4jbkNO3Rbm%2BuQmXK%2FndqhAcwsmJB%2Bv0i%2Fl%2F7IIbVhVqgNaWMKjdFqpEfZOtfTWqy1escmUqsbV0tLsvfLDsy9Wht%2F0S4%2F5P8ITY3aN81PDuSUjRWPQgwWw1WF5KLOXqbTQYKEnr2rKuXwV2MidC4cEcU7qvhI37TLDu%2B190wXqBEnQBIHt0Eog%2Fbntst9cdpdBOsZoEw6rO2G74QjWQWQEGlgB3kNO7KAY7YmokaGt1%2BqzgdDhxZbzgpqLT5RmjoxwxdZEbudF8Sq0gf1VMTNUkTpIN2HL%2FhAsZZ%2BPrjxMqCS3PoC4Sf6%2FTno9VZaSKABKm3ZAM%2BXYIt5OpTc1EsFb8JyKvMino%2BZvYSQhzW5yGjgRp5f1Kl13AyvkATvusv2kVqwmPtavVy8XcLR6HBiPBx0hUqO6S3CLW7gB573dGUB5C3mdPE6H8t0ltHk9G7sFe01leKzo2KzfluiCHt48XeHEtHZkc%2BO7qJgZQbnNojaH9xu9priMvjQvB2jqm1fBRVQ9AzOmsr%2FHKfI1vfm%2BiPzn1K6znVxU7jod80hZud0QZsySpv3JncZM3i5uZwdGKNIEKnd1BFgrfSr6eVy%2FOBNnMsA4r6ju9xTVXjHENDzuYLwABcKkH0GNJjvQEuyGReiiEuUMZRBH3C2omhqzIBk7vBoaw1RQ61nKR6MjLpX2fxcOQiWqurkwOalyFSRZIbwzUwEqu%2BzyUWzNwWw7ZDGRj701zadAq8OJ76uv5GRK2kqCOgIht2rPIwhzXmFw0sltkutkVm2k7hSaVdEAqUt9HXbTL8YFzSbIB9WQWxeQ8g%2FipCywCN1SfVGEPF7cXVsvzeDr07oxVx8KOl5DUsCRdN3T4py9MtxRTyt311hoXhpY8oMoJ%2FQ1Ou1zWhBvfp0oKe7ObMbRecqGUUeWxLe%2B2fd%2BpLjbjaGvJ8dVFTgTAFME3sll7LyGyOqjRu0%2Bb48DMVRyjEdk%2BJ%2BnPXtTcFZLTGIC9e%2FSK52GSgzgkFgzsnYnowUcDWKHlrRQHoNat6ghYeoGQnIJgYqsVF2aigP8uu%2FiulTwd5jmMaQCnoI52e4pCAEwbEdHasv%2BAO7oVuiensrQ3mkYw5jB0TTqtp2y%2FBfIt9Y2wSiUcVNK3fFEDcndX1eaDk%2BuIN1Bu6vzOjnzRdNvzRi0FN4D3jFXlFFfTiCS9tSECJZC7eDr07oxVx8KXKca2HIIyiUQaGmQZQKdkVfJGIkmAT%2B52fSMcJf7kwlgzQHVjMTrzAjgzKiupmxSvGOhxSTc6CE5gF8hHwNHZAFeVPBXWqEKhRrmxZ%2Bb639suTJkkE%2BYa6fqq1ErAk6mKe7vEp4cFImxYnIVnHHWydrqq7E%2B29UdJrZw1%2BUo599Epts276PIn9p%2BUigd0GwL0S2ChiaZkkTVCWNozE6YlOoELzPF6p9iAXLTRHlOZJ74S84wPT6lG%2BdshCQ85WJ7txFNnCvmowjI2cMHIj3k8GqPBOS67cU1FmZ2f42jlXRo%2BWqR6Skrh%2BphJs3z6RWVGx63Ob%2FwDDU7b82VDVrFWidTArr%2FLaWIafCY8Yj2ZA5LkoorKi5jlrDSfs5uAN4IUds%2BeYK7br7cwDyJpTlMNBqWtm3u804K%2FAC4gL3Q%2FQpYNSGQe3s%2BtI89HJ0a3eD5iIPzTXI8qBGpw%2B6So%2B%2FklySVPkPPsvLaIHzzt%2BFOijh2G3YerA%2BqIEw4MtAusj9NnrRAPPccqS2%2F1TU5LRiwjCtDoDy77DXyIyLO0tjZo9GcDu42tHQ10HG1Raqkyu4fGmNbE%2FLDZ%2F4TKsk%2FM3l7x55ov9ZwigSsME58f%2FicHTsw0%2BQes5l5R53yDT9ZV4qbGla6aZs4ruYXFEfvTzVv1MQSi%2BdkEY2InfINP1lXipsx0Uh%2FtNdKdZU%2Bg4xwbnK6KDgA9wrng5w07%2FAvrxWgnmBSgDYOh%2Frcjkb42BwfN09XV5LbZn8XYeVSaaw1l5OQuX1R7mYmpLX6AtzjiaAbyGSpse%2Fe9KMxkOagqWPZYWeKZKrNM%2FflvANZn1Ix23Ruxic4lj0ZFbENohaxMqx9OUhcbRAuaqTk6D64Y76AU%2B4YJInyYjw7IYZiXtiOoww0Hzt%2FfgEfKM48Jm8wGDr%2FaDsNYx9%2FitKXVz2xJps4qlDxopkNl55BkpWYNhopL6T2ps0fKyiPzTr5pEMGhAXSoC0KlaDf9%2FkSNDBaQs2PTlJJtxdhRFZRRieRWnHlpSK3tguNW%2BguoVZrtP6WJXetjaCNPFVgh7X%2BS1XGDyvrSNqA5vYN5pasSjFQEZIUnAuiQIZqqfXPiax1kAjiZK28IkK0WY%2BYswyMQiSik6x0ET7tzxoRqU5YOM0Q55N%2F%2FOtv698w3D5uK8wieqeNUhro2z9P9PRHYqOY%2BOnjstSs5FhqSOapMsKrBuDr07oxVx8K0gTrxSBZ%2FTeNsX4noeKrKrODNPx7SDgPVjL%2BscfoblP7pixJTg1BGAkiLezm5d6g%2B4UAAn69wvsexgej0KpVBmFC45HwkHX3P3kVA5QydkDgJhcdt%2BsWXm3T67khIo5Avc3dZBUZ31lBVsfv%2BZJ48%2BzMxR1g460sJ1MCuv8tpYhcP5T1Jx2iFT%2BXNf%2F9uOYG23YJn9%2FyN7j4t08D7VT81g%3D%3D&mm_sceneid=0_0_3174494334_0&a=xxc%3Dad_ztc%26mi_id%3D0000us77dr95L3pPuuyuP2tFaYsTRbW4yJAG2wyKU0HEf3U%26skuId%3D6298107170744%26priceTId%3D214780b017887047949285346e109b%26utparam%3D%2525257B%25252522aplus_abtest%25252522%2525253A%2525252273662ed64436a4483d3c358c3a4e914b%25252522%2525257D%26&id=834771253401&spm=a21n57.1.item.1
一水肌酸99.99%高纯度快充肌酸粉300g赠耐力爆发力运动健身力量,24.8,3万+人付款,回头客1万元气码头旗舰店,//detail.tmall.com/item.htm?id=792891863360&ns=1&abbucket=7&xxc=taobaoSearch&mi_id=0000SQA3f0kVoiRNetCZafPmplVZgA3eoa0XWBb9tbninXw&skuId=5634191867606&priceTId=214780b017887047949285346e109b&utparam=%7B%22aplus_abtest%22%3A%22f4c9fe3ccdb68468cdd3ed4941adf7dc%22%7D&spm=a21n57.1.item.2
爱兰纯一水肌酸99.99%高纯度肌酸粉300g耐力爆发力健身长增健肌肉,19.9,3万+人付款,臻补剂,//item.taobao.com/item.htm?id=835708919297&ns=1&abbucket=7&xxc=taobaoSearch&mi_id=0000wAlBWHzecR3mZUnFbc_6RITbWt6ssN5btLIK4eyFt3Q&skuId=5823480305584&priceTId=214780b017887047949285346e109b&utparam=%7B%22aplus_abtest%22%3A%2240b1b8d59035b6cabd9785dc3540bb57%22%7D&spm=a21n57.1.item.3
肌肉博士肌酸一水肌酸粉 锌镁肌酸高纯度健身运动补剂官方旗舰店,39.9,9万+人付款,肌肉博士旗舰店,//detail.tmall.com/item.htm?id=798105337288&ns=1&abbucket=7&xxc=taobaoSearch&fpChannel=101&fpChannelSig=cd3a6289d21d4bb0b4c74848ac0fc8f004515787&mi_id=0000rT1wMqG6bKPRVza_lQhF0ypYNbeAYnb2Cjpk9RqfsCw&skuId=6193185059845&priceTId=214780b017887047949285346e109b&utparam=%7B%22aplus_abtest%22%3A%22583eef2caf6b292022f813a5200f88c7%22%7D&spm=a21n57.1.item.4
肌肉博士肌酸一水肌酸粉高纯度健身运动营养食品官方旗舰店正品,39.9,4万+人付款,肌肉博士旗舰店,//detail.tmall.com/item.htm?id=802745261057&ns=1&abbucket=7&xxc=taobaoSearch&mi_id=0000ppRQtFfQQK3ygcR5d5j0FmUc7s-uUj4zdrM1egeXhGE&skuId=5979996224775&priceTId=214780b017887047949285346e109b&utparam=%7B%22aplus_abtest%22%3A%228fff4c480aa4db3b021c0cfcf95b4df1%22%7D&spm=a21n57.1.item.5
【爆品NO1】FoYes肌酸锌镁一水肌酸粉耐力氮泵氨基酸健身增肌补剂,63,10万+人付款,回头客2万FoYes旗舰店,//detail.tmall.com/item.htm?id=767739335818&ns=1&abbucket=7&xxc=taobaoSearch&mi_id=0000XCf5Xb9fqtljVgKw8dFOiIpUngJDVLxHMhGiGMr2ILo&skuId=6205772755394&priceTId=214780b017887047949285346e109b&utparam=%7B%22aplus_abtest%22%3A%2211fc0a85d9f64ab367943349516d2353%22%7D&spm=a21n57.1.item.6
诺特兰德肌酸一水肌酸锌镁肌酸耐力爆发力运动健身补剂非氨基酸,19.66,3万+人付款,回头客3万诺特兰德官方旗舰店,//detail.tmall.com/item.htm?id=726648410223&ns=1&abbucket=7&xxc=taobaoSearch&mi_id=0000lpUIsxIj22WiARnQ2IaW9SwyO8Kdn4q0CApVWhs_9J0&skuId=6286850230564&priceTId=214780b017887047949285346e109b&utparam=%7B%22aplus_abtest%22%3A%2274d7c10bdcb65b6d3e0ce39c0d544896%22%7D&spm=a21n57.1.item.7
训练怪兽一水肌酸运动健身训练营养补剂耐力爆发力氮泵锌镁肌酸粉,53,10万+人付款,6年老店训练怪兽旗舰店,//detail.tmall.com/item.htm?id=675874243731&ns=1&abbucket=7&xxc=taobaoSearch&mi_id=0000iJjb3RhYdrOlmQrxRiqZt6X5jijjuqgc47DHC3j6FDg&skuId=6030643473818&priceTId=214780b017887047949285346e109b&utparam=%7B%22aplus_abtest%22%3A%224dec87dcdc0fb6ddce8a7efdbd6cac01%22%7D&spm=a21n57.1.item.8
BD能量300g罐装一水肌酸粉补剂耐力运动爆发补剂非氮泵官方正品,9.9,1万+人付款,BANNYDEER旗舰店,//detail.tmall.com/item.htm?id=706666965124&ns=1&abbucket=7&xxc=taobaoSearch&mi_id=0000WqOYwOLm4BXCcZBYoUkm4SpgJE2eW7bXLvNbV9uCxrw&skuId=6078393249842&priceTId=214780b017887047949285346e109b&utparam=%7B%22aplus_abtest%22%3A%22356d646baef41ec2a4d3f9ea9759912c%22%7D&spm=a21n57.1.item.9
诺特兰德肌酸一水肌酸高纯度运动健身补剂爆发增肌非支链氨基酸,20.93,3万+人付款,回头客20万诺特兰德旗舰店,//detail.tmall.com/item.htm?id=924410229064&ns=1&abbucket=7&xxc=taobaoSearch&mi_id=0000QXT1UEk5H600FdN3zksMB29tIvAkmr6jUWe3JcnzYuQ&skuId=5897201680715&priceTId=214780b017887047949285346e109b&utparam=%7B%22aplus_abtest%22%3A%2262fd495c0aee730eeda9d881b877ae0f%22%7D&spm=a21n57.1.item.10
食品级纯净一水肌酸纯粉健身增肌粉提高耐力长肌肉高纯度肌酸粉,13.4,2万+人付款,12年老店开心健身原料,//item.taobao.com/item.htm?id=673831634118&ns=1&abbucket=7&xxc=taobaoSearch&mi_id=0000gP4nubTCJ_4sX1jo8ykGZMpKo3jOH87iYu8yWlsy77c&skuId=4850409481986&priceTId=214780b017887047949285346e109b&utparam=%7B%22aplus_abtest%22%3A%22582a07c3d528ed4d1a87121312e5268e%22%7D&spm=a21n57.1.item.11
凯普锐斯KEEPMOMENT肌酸粉300g一水肌酸健身体育生爆发力耐力,19.9,8000+人付款,KEEPMOMENT旗舰店,//detail.tmall.com/item.htm?id=723279686559&ns=1&abbucket=7&xxc=taobaoSearch&mi_id=0000YToFyuLs9AkA6NcLB1RdqdPrOlnwCSAHBjG4D1YlLFE&skuId=5345763371925&priceTId=214780b017887047949285346e109b&utparam=%7B%22aplus_abtest%22%3A%2291f8035b6c9e6d9497c7b35eb56b36e4%22%7D&spm=a21n57.1.item.12
一水肌酸高纯度增肌粉袋装爆发力耐力运动健身补剂非氮泵纯肌酸粉,6.8,4000+人付款,5年老店汇生源生物科技,//item.taobao.com/item.htm?id=937439030984&ns=1&abbucket=7&xxc=taobaoSearch&mi_id=0000cF5UVkA3R66bJZ8nlQ29a6e-n34knQ5QxNofTQGh0H4&skuId=5865973229165&priceTId=214780b017887047949285346e109b&utparam=%7B%22aplus_abtest%22%3A%223440e6af3d646f744bcc0bc431ca5542%22%7D&spm=a21n57.1.item.13
磅普锌镁肌酸粉300g高纯度99.99%果味肌酸健身补剂引爆肌力非氮泵,26.8,3000+人付款,磅普食品旗舰店,//detail.tmall.com/item.htm?id=1037797426895&ns=1&abbucket=7&xxc=taobaoSearch&mi_id=0000UfBaiq18Yd3Dqcp2vmGnn6XXz10bDGTDHRU2vqNnFPU&skuId=6056895381862&priceTId=214780b017887047949285346e109b&utparam=%7B%22aplus_abtest%22%3A%22a1c6940034f1ee7ecc62d7d86ab21f8d%22%7D&spm=a21n57.1.item.14
FoYes锌镁肌酸180g一水肌酸耐力爆发力非氮泵氨基酸健身增肌粉男,48.9,1万+人付款,异彩运动营养店,//item.taobao.com/item.htm?id=919596837979&ns=1&abbucket=7&xxc=taobaoSearch&mi_id=0000H-1QJ_Mx1QIk8wDEHxI8zi1a6OIYp9K0nzFHc_yec0c&skuId=6240431391264&priceTId=214780b017887047949285346e109b&utparam=%7B%22aplus_abtest%22%3A%220c1bc469540d205ebc15c93451e0ebf4%22%7D&spm=a21n57.1.item.17
训练怪兽一水肌酸男女肌酸运动健身训练营养补剂增耐力肌酸粉官方,53,6000+人付款,6年老店训练怪兽旗舰店,//detail.tmall.com/item.htm?id=1057940758778&ns=1&abbucket=7&xxc=taobaoSearch&mi_id=0000rq4KzzVG7y6K-2lgMrW0vETmw_cs7DZIQtKhY1TwLGE&skuId=6108009292136&priceTId=214780b017887047949285346e109b&utparam=%7B%22aplus_abtest%22%3A%2279c4c4ec14a91fcbc8d9663574f7a1dc%22%7D&spm=a21n57.1.item.18
肌肉博士肌酸一水肌酸粉红牛风味运动营养谷氨酰胺锌镁粉健身补剂,39.9,3万+人付款,肌肉博士旗舰店,//detail.tmall.com/item.htm?id=797919427138&ns=1&abbucket=7&xxc=taobaoSearch&mi_id=0000-3-U2Fi4VNhtNnX853uAsgfcp_aahfp2D1ntPX_-1Cc&skuId=5949965729098&priceTId=214780b017887047949285346e109b&utparam=%7B%22aplus_abtest%22%3A%2259d371fe7a2eb56a9c621e3458e4afb3%22%7D&spm=a21n57.1.item.19
诺特兰德肌酸一水肌酸正品运动健身补剂非氮泵氨基酸,19.8,2000+人付款,常乐运动补剂商城,//item.taobao.com/item.htm?id=730433180338&ns=1&abbucket=7&xxc=taobaoSearch&mi_id=0000rf_Smm8iCT_f3ErHP5B8f4XI2Qr5dSxZPK1a5SihUVE&skuId=5435267916609&priceTId=214780b017887047949285346e109b&utparam=%7B%22aplus_abtest%22%3A%22b5effafe3b228b0555ed622dfa1a39c6%22%7D&spm=a21n57.1.item.20
一水肌酸原粉 纯肌酸粉 食品级高纯度肌酸粉健身增肌粉提高爆发力,7.71,6000+人付款,14年老店尚宏生物科技,//item.taobao.com/item.htm?id=670900610588&ns=1&abbucket=7&xxc=taobaoSearch&mi_id=0000QWnELadSdKNaJHGgrgmOOXzC3DhN2k_uJa8RVk0GYD0&skuId=4857161780844&priceTId=214780b017887047949285346e109b&utparam=%7B%22aplus_abtest%22%3A%220973465e2f1f9ce99c8451574d592b81%22%7D&spm=a21n57.1.item.21
爱兰纯一水肌酸99.99%高纯度肌酸粉300g健身耐力爆发力非氮泵bcaa,19.9,3000+人付款,超人 补剂,//item.taobao.com/item.htm?id=676121492633&ns=1&abbucket=7&xxc=taobaoSearch&mi_id=0000wCKGDQKYJ6UvCExf8jfcYixA0tcFeU6KiDH2BOREtL4&skuId=5189320046061&priceTId=214780b017887047949285346e109b&utparam=%7B%22aplus_abtest%22%3A%223366ffc09c6308f9ef24819d93d59f7e%22%7D&spm=a21n57.1.item.22
凯普锐斯KEEP MOMENT一水肌酸粉300g高纯肌酸粉补剂健身非氮泵,19.9,1000+人付款,KEEP MOMENT企业店,//item.taobao.com/item.htm?id=708998278054&ns=1&abbucket=7&xxc=taobaoSearch&mi_id=0000O55L0U5qv-QlJF9bPnDywB7E4nC_le9XCGvVGecahjM&skuId=5530433009865&priceTId=214780b017887047949285346e109b&utparam=%7B%22aplus_abtest%22%3A%22b6747511a9e127e8b543ade631343de7%22%7D&spm=a21n57.1.item.23
康比特炽金纯肌酸粉锌镁一水肌酸健身补剂力量爆发力耐力运动增肌,63,7000+人付款,回头客2万康比特品质店,//item.taobao.com/item.htm?id=768263999608&ns=1&abbucket=7&xxc=taobaoSearch&mi_id=0000yOykuEQGENxSXsvCjTuATDe9rCQBW7wsg38d7hnotYU&skuId=6180798059142&priceTId=214780b017887047949285346e109b&utparam=%7B%22aplus_abtest%22%3A%2220c67632cc2d714361a073b88f862c39%22%7D&spm=a21n57.1.item.24
FoYes快充肌酸便携高纯锌镁一水肌酸耐力非氮泵健身增肌粉小袋装,7.9,4000+人付款,异彩运动营养店,//item.taobao.com/item.htm?id=918691195878&ns=1&abbucket=7&xxc=taobaoSearch&mi_id=0000CdTq97xmNyBySnHaPFYXIkwLkuspW7odRdN6ljxZr_8&skuId=6292402815903&priceTId=214780b017887047949285346e109b&utparam=%7B%22aplus_abtest%22%3A%2296ef111c84522d25061472ebe60badec%22%7D&spm=a21n57.1.item.25
迈斯朋克一水肌酸运动健身训练营养补剂耐力爆发力氮泵锌镁肌酸粉,28.42,2000+人付款,迈斯朋克焱焱专卖店,//detail.tmall.com/item.htm?id=999382488429&ns=1&abbucket=7&xxc=taobaoSearch&mi_id=0000UmTX9rJ4A16Cs0A48RGknttFfVGHOdpfoixSoJsmwVQ&skuId=5985210245614&priceTId=214780b017887047949285346e109b&utparam=%7B%22aplus_abtest%22%3A%222317aebe92a8a9ed9b0b189474bd220d%22%7D&spm=a21n57.1.item.26
米当卡快充肌酸高纯度一水肌酸粉耐力爆发力非氮泵氨基酸健身增肌,23.2,8000+人付款,回头客6万米当卡旗舰店,//detail.tmall.com/item.htm?id=854664203116&ns=1&abbucket=7&xxc=taobaoSearch&mi_id=0000Q3GedrTPvBgv5oWv2BjWSk7zCXyV5CpYK0OfkdqaiYo&skuId=5826692263552&priceTId=214780b017887047949285346e109b&utparam=%7B%22aplus_abtest%22%3A%22b16b15d7da703f91cf6fe46f8db2ff6c%22%7D&spm=a21n57.1.item.27
康比特锌镁肌酸粉100g高纯度肌酸速度爆发力力量运动健身营养粉,31.9,2000+人付款,异彩运动营养店,//item.taobao.com/item.htm?id=946140744606&ns=1&abbucket=7&xxc=taobaoSearch&mi_id=0000gOT7Q7lXrqI6UOjq5wfDyQlT9D5eMEtjwC5tt5iRY80&skuId=6279067231944&priceTId=214780b017887047949285346e109b&utparam=%7B%22aplus_abtest%22%3A%222cc345dae793959675574d3ee2ce1943%22%7D&spm=a21n57.1.item.28
BD必第能量一水肌酸多口味肌酸粉100g袋装爆发力耐力健身A类补剂,9.9,8000+人付款,BANNYDEER旗舰店,//detail.tmall.com/item.htm?id=856801376795&ns=1&abbucket=7&xxc=taobaoSearch&mi_id=0000L2kYURig7T5dgpmfoSgH5A9mrRqRjNayq1kIw5LXgTc&skuId=6078409473692&priceTId=214780b017887047949285346e109b&utparam=%7B%22aplus_abtest%22%3A%2283034bc19b96e56b8934742e0a6ce974%22%7D&spm=a21n57.1.item.29
肌肉博士肌酸一水肌酸软糖便携健身训练运动增肌营养正品旗舰店,49,5000+人付款,肌肉博士旗舰店,//detail.tmall.com/item.htm?id=1049859360303&ns=1&abbucket=7&xxc=taobaoSearch&mi_id=000050LfGaJMijmg9J14Ak5QlTo9KzJmCN7YrYaFY0CoQco&skuId=6270651811617&priceTId=214780b017887047949285346e109b&utparam=%7B%22aplus_abtest%22%3A%223053ec04205c6233e6521e4529940c9f%22%7D&spm=a21n57.1.item.30
训练怪兽一水肌酸男女运动营养补剂耐力爆发力女性谷氨健身氨基酸,51,2万+人付款,回头客400万阿里健康大药房,//detail.tmall.com/item.htm?id=971325805779&ns=1&abbucket=7&xxc=taobaoSearch&mi_id=0000HrHt6Hex7aU8bTSMMfatP8u0EAe26IfSONbv63neiZs&skuId=6206532770859&priceTId=214780b017887047949285346e109b&utparam=%7B%22aplus_abtest%22%3A%224eb469555d2b9bfb2983aa6a124f405a%22%7D&spm=a21n57.1.item.32
Myprotein 一水肌酸粉运动增肌健身训练营养补剂耐力爆发力,48.21,3000+人付款,回头客9万Myprotein海外旗舰店,//detail.tmall.com/item.htm?id=539413299568&ns=1&abbucket=7&xxc=taobaoSearch&mi_id=0000n7U3K5f2rNe3wktike-T0mjZSpHPcqxtqXRx2erYY1o&skuId=6128129437129&priceTId=214780b017887047949285346e109b&utparam=%7B%22aplus_abtest%22%3A%227878ce166d984333210372618df5efee%22%7D&spm=a21n57.1.item.33
元气码头一水肌酸粉男女健身运动补剂一水肌酸300克,22.8,3000+人付款,肌肉英雄运动营养,//item.taobao.com/item.htm?id=807158966777&ns=1&abbucket=7&xxc=taobaoSearch&mi_id=0000UmSoUTLD6xOGm4EfBgVBA2qMUbGKBfGjD165EP3xEIY&skuId=5570661872067&priceTId=214780b017887047949285346e109b&utparam=%7B%22aplus_abtest%22%3A%2216d86458b44be75dd52f6c993655551d%22%7D&spm=a21n57.1.item.34
HotRule一水肌酸粉锌镁肌酸粉耐力健身增肌力量非氮泵氨基酸补剂,38.41,1万+人付款,Hot Rule旗舰店,//detail.tmall.com/item.htm?id=905087865082&ns=1&abbucket=7&xxc=taobaoSearch&mi_id=0000HtsJpxbVtp-amWB9cgX0lHjw7S1IooHo69mJRHbtEhM&skuId=6279964270703&priceTId=214780b017887047949285346e109b&utparam=%7B%22aplus_abtest%22%3A%223235dadb6a33a9a6939bb899eb822cf9%22%7D&spm=a21n57.1.item.35
康比特肌酸锌镁一水肌酸粉耐力爆发力运动健身增肌补剂官方旗舰店,73,7万+人付款,回头客10万康比特体育科技旗舰店,//detail.tmall.com/item.htm?id=640468642224&ns=1&abbucket=7&xxc=taobaoSearch&mi_id=0000Ye_xGYGCRlnkvECfGlV4n0_jWBVT6K1wdDKZGxlOJ5U&skuId=6248616530251&priceTId=214780b017887047949285346e109b&utparam=%7B%22aplus_abtest%22%3A%2240f714de6205dcd936ebbb001c8e9026%22%7D&spm=a21n57.1.item.36
UP训练怪兽一水肌酸袋装便携条装肌酸运动营养补剂耐力爆发力,17.91,1万+人付款,6年老店训练怪兽旗舰店,//detail.tmall.com/item.htm?id=843420026132&ns=1&abbucket=7&xxc=taobaoSearch&mi_id=0000cW1z_rowUadi3Fkg7r47QRVWUFc64KgKJRp1vQ7TiH8&skuId=6248018559653&priceTId=214780b017887047949285346e109b&utparam=%7B%22aplus_abtest%22%3A%2259ab19d43ccc09178ce632d3d324e329%22%7D&spm=a21n57.1.item.37
bd必第能量一水肌酸100克袋装多口味性价比99.99纯度健身运动耐力,8.9,5000+人付款,9年老店健美黑军健美补剂正品店,//item.taobao.com/item.htm?id=838200077424&ns=1&abbucket=7&xxc=taobaoSearch&mi_id=0000ncXQiQpznpKaKHThGVufIRvJzXxAipQ-CEgdqT2MP8o&skuId=5947452469601&priceTId=214780b017887047949285346e109b&utparam=%7B%22aplus_abtest%22%3A%2231785d22f720613910d34d8b787a7122%22%7D&spm=a21n57.1.item.38
诺特兰德肌酸一水肌酸载体肌酸补剂纯肌酸粉体育生锌镁肌酸片,9.3,500+人付款,兰博运动营养,//item.taobao.com/item.htm?id=994368115528&ns=1&abbucket=7&xxc=taobaoSearch&mi_id=0000jLA73drgRkIMjZfBUriM0zkuAUuE4Vw0WJzaY1V_rng&skuId=5974194908634&priceTId=214780b017887047949285346e109b&utparam=%7B%22aplus_abtest%22%3A%224629a05110ab22c117c238fd6910ea3d%22%7D&spm=a21n57.1.item.39
99.99%欧力普一水肌酸健身运动补剂纯肌酸粉爆发肌肉非锌镁肌酸,27.9,1万+人付款,欧力普旗舰店,//detail.tmall.com/item.htm?id=811211584453&ns=1&abbucket=7&xxc=taobaoSearch&mi_id=0000yXdUtnPHELEziohKcbCYZam7NUe9JGHecRD5wGD6WG8&skuId=5987898745111&priceTId=214780b017887047949285346e109b&utparam=%7B%22aplus_abtest%22%3A%228a7a56b17579994114283663566e2539%22%7D&spm=a21n57.1.item.40
肌肉博士肌酸一水肌酸粉果味高纯度300g增健肌耐力爆发力运动健身,39.9,5000+人付款,9年老店AD健身补剂,//item.taobao.com/item.htm?id=764639823319&ns=1&abbucket=7&xxc=taobaoSearch&mi_id=0000idauFp7eWK-jHTupeogfFUL9BwQC5lFD6lZIDPjhP3A&skuId=5749034932687&priceTId=214780b017887047949285346e109b&utparam=%7B%22aplus_abtest%22%3A%22bb8e3ab35456f1f6d0646405284fd85b%22%7D&spm=a21n57.1.item.41
Myprotein己能 熊猫一水肌酸健身补剂增强耐力爆发运动营养品250g,71.91,3万+人付款,回头客9万Myprotein海外旗舰店,//detail.tmall.com/item.htm?id=606699958890&ns=1&abbucket=7&xxc=taobaoSearch&mi_id=0000TvvtwE4tK8sb6veeF1mc69k311hDWZKTc5Tf6jy8uUU&skuId=6222566027276&priceTId=214780b017887047949285346e109b&utparam=%7B%22aplus_abtest%22%3A%22bc4e0d6a33c21f2200a8ecf9f7448c33%22%7D&spm=a21n57.1.item.42
肌肉博士肌酸粉300克一水肌酸锌镁肌酸增肌健身男女爆发耐力,39.9,5000+人付款,正品奥赛周边,//item.taobao.com/item.htm?id=674263240568&ns=1&abbucket=7&xxc=taobaoSearch&mi_id=0000qhrQnFqkLf1V2M_STOtNQbhsCJKRcp5d5X6IJ550SSI&skuId=6014694481610&priceTId=214780b017887047949285346e109b&utparam=%7B%22aplus_abtest%22%3A%223769201e0b68eed06e363d32ed84d7ef%22%7D&spm=a21n57.1.item.43
ON 奥普帝蒙 绿标一水肌酸粉100g/200g肌酸男女健身粉,69,4万+人付款,6年老店ON奥普帝蒙旗舰店,//detail.tmall.com/item.htm?id=619646208020&ns=1&abbucket=7&xxc=taobaoSearch&mi_id=0000zjCiNGXMpi9hj9OXlLJAjBewZ-EyjVdAuXhx3rIMM-k&skuId=6241070426620&priceTId=214780b017887047949285346e109b&utparam=%7B%22aplus_abtest%22%3A%22c601ee89f92666bcedde87e6720789d1%22%7D&spm=a21n57.1.item.44
诺特兰德肌酸一水肌酸耐力爆发力运动非支链BCAA健身增肌正品,18.81,900+人付款,回头客1000万天猫超市,//detail.tmall.com/item.htm?id=743389897392&ns=1&abbucket=7&xxc=taobaoSearch&mi_id=0000tOtm4FIVNGnr1n8KT5E8rFzBr06qgBiHhv1wUfFnqQA&skuId=5125286280790&priceTId=214780b017887047949285346e109b&utparam=%7B%22aplus_abtest%22%3A%22bc81ab7a2169a8ccc00b5f220eea2e0d%22%7D&spm=a21n57.1.item.45
康比特纯一水肌酸耐力爆发增肌运动健身补剂锌镁肌酸粉官方旗舰店,73,2万+人付款,回头客10万康比特体育科技旗舰店,//detail.tmall.com/item.htm?id=595111277563&ns=1&abbucket=7&xxc=taobaoSearch&mi_id=00009ndV0ik86TvGg9kUhWYTyigmuR6W6G9c8WMqvNNu2MY&skuId=6272044662052&priceTId=214780b017887047949285346e109b&utparam=%7B%22aplus_abtest%22%3A%22756e0c8f7cdb19024774030038f9a803%22%7D&spm=a21n57.1.item.46
【回购正装立减5元】FoYes快充肌酸一水锌镁肌酸粉力量耐力爆发力,6.07,8000+人付款,FoYes运动营养旗舰店,//detail.tmall.com/item.htm?id=1026752606293&ns=1&abbucket=7&xxc=taobaoSearch&mi_id=0000L6-eh3DSShop1eip2zkH4J5Madj1WqZuhXH7OktcQ5s&skuId=6203896167758&priceTId=214780b017887047949285346e109b&utparam=%7B%22aplus_abtest%22%3A%22470783cf5d51ac028d9e3c467a9ba2c7%22%7D&spm=a21n57.1.item.47
FoYes肌酸锌镁一水肌酸粉耐力非氮泵氨基酸健身增肌补剂旗舰正品,53,3万+人付款,回头客400万阿里健康大药房,//detail.tmall.com/item.htm?id=904795850196&ns=1&abbucket=7&xxc=taobaoSearch&mi_id=0000c4Dpxf9gDkg8IpUVfoVNGKeWL4gjBI5XYwfK9czJkrc&skuId=5953888180490&priceTId=214780b017887047949285346e109b&utparam=%7B%22aplus_abtest%22%3A%229f6090f8aedb8947346a0415e4f0cc26%22%7D&spm=a21n57.1.item.48
bd必第能量一水肌酸粉纯肌酸粉100g健身运动力量耐力爆发力氨基酸,9.9,1万+人付款,老伟的皇冠补剂店,//item.taobao.com/item.htm?id=845418378705&ns=1&abbucket=7&xxc=taobaoSearch&mi_id=000012GAjYWzjivhvSeZRpHZTli99Giu2BKRTin7Nlcb8Bo&skuId=6129333545918&priceTId=214780b017887047949285346e109b&utparam=%7B%22aplus_abtest%22%3A%223fe4f6c9cb1722eeee4bd7c0c7328b5b%22%7D&spm=a21n57.1.item.49
myprotein熊猫纯一水肌酸健身运动学生爆发力耐力非氮泵英国进口,47.9,6000+人付款,乘峰运动,//item.taobao.com/item.htm?id=940502786517&ns=1&abbucket=7&xxc=taobaoSearch&mi_id=0000-L97MbUNKKOld1fXnZokicAu_ZIAd4ghMg5HD_nZVGo&skuId=6004730102861&priceTId=214780b017887047949285346e109b&utparam=%7B%22aplus_abtest%22%3A%225bf6930e19cb72e082234ceec3eeb2c0%22%7D&spm=a21n57.1.item.50
美国ON奥普帝蒙欧普特蒙纯肌酸粉健身一水肌酸氮泵力量爆发力300g,103.95,2万+人付款,黑黑老大的地盘,//item.taobao.com/item.htm?id=704184813217&ns=1&abbucket=7&xxc=taobaoSearch&mi_id=0000fvlwD6GQZp_jry7-iyO_EdAvNs4Palm6OaCIRliD3KI&skuId=5250408188936&priceTId=214780b017887047949285346e109b&utparam=%7B%22aplus_abtest%22%3A%22baa244c195078f8e2e2dcea2f17e40a2%22%7D&spm=a21n57.1.item.51
训练怪兽一水肌酸运动健身训练营养补剂耐力爆发力氮泵锌镁肌酸粉,53,10万+人付款,6年老店训练怪兽旗舰店,https://click.simba.taobao.com/cc_im?p=%BC%A1%CB%E1&s=1713476891&k=2681&e=CFuqTcdiV8Ap%2F140bnO%2B2%2F9%2F%2FwwHhel%2F3LXmfAFMto0t8ScWucUE4j7qc3FMWBhgnmiWpNLAkz6rINSlLGvF1qUbRvbwWzcKIdT%2Fp14BeFPDSLMuR9ACVoV384ktV155eq2NPSOuNTcwJrk3N8bcNu%2FrWPeOBjanjnwhF7iOLhC%2F%2FFG6VhhQngsDgNmLHK4U8sLcM%2Fd0oOT4vied6C1EgZRfAKHvzW6VbbRmcYCfWh7w2Ih97c%2B0Sx0KUlas%2BurSsBF4ssqb4g4VFZdKRsivUc8raR1TYpkiKUJBkp%2FP5bsx0qe3M%2BoZcqT1HoGUxr%2B1Aad0AnWn2PNXwO3Fiw3CqGV1C6pqZmQntMEZS9YDEixARXFsxbV3O4%2BJy38GNYZyIoSSA9WGQa0pwM8MOuFd9Wj06LGwty7abkw09SYMs7m0abaTIPN5ejqGBmjzqtIJSHBOaSKM0NuBVenrXzY1j5XZOVia9SrXwI7s7r7GkWnU2t%2FOnObsLMwE0NsVFUfkC50TUguR5uTiZEmAhfzV6uDJ1vVXs7ulm4%2Bp3L3YBHciCP6Zl2sKqBvsJ7f7zkhw0xvagfcxYwcdBwHDa%2BK0IcdyntDzOBrOA7YXZNlhMpw5ltrBKACZbP%2FkNd91MriiuhDGj%2Be3sNYkKc9vh8o0XmyzOWXThZMHwt2cpwyEuMr9w7YHeVbGEuMrjSYrLFk4ArX%2FFYcdgbX%2FnDugug%2FoI9Ztzbs4OCN4eH0SK5EzUDJAVv8TjpTJYolY04JWvOOI1gpxyFXRk4eLK3egegycDGtPzafh%2FOUvm3Yu4kwrahnwMTjO20Q1WMBib9TV1618Mr5x4NJBU7ZuZo3M5%2BpyzmzYE5SaVOwM7uLplfThxgpvf23QsQ0EJxI0rSgopo10bLFi7GmFwYcOUWqt4oDyKpn1%2B2ohFiytDt449lcJVH1cQfq3SXLLSgiiOP%2BUFziSYQ4y1YnbrpgTezeIghdsjjfz6DPmJyVrmFvcXcl6sqTYEz0eUipM5p9M9jTMfoZo5nKYsdyeROgkHE8Txi1aSi3R7SOAIYbclNaVrXBsqREIe6nofVLHyB8TnKh18rtmD4Iugdj3k%2FZ8HsAIZ%2FZ4dqqz2ExpplREFlhUMskIc3yuiL7I2v5v6qhsVhZAaTBHiDTJKMAMF1%2BFcnIxB6p7reBoUuDucHzTPZ3rkfF2iicy8%2FJvcuNBsdl9yJgd0xa7RBYVZH6RU9gL9p6G77HryfzC1qZmfdacbQ%2Fo%2FuZz8ypynYArNjL8N5oiiJkTQ5bBZ4VggYHR19Tbk4l9KgeFkIV4ozQRbFMUG90uw27K%2FdD9ZjGh%2Bq9Pa2%2FApZ679sXYoBa992Jc3ONr%2Fp5xepuwtw9ZUFZUn0zkgkE0PxUd43pAXJmDx%2BczFiiMMVbA843vYCR8htwSNytegt3qPwh1hMZ5wYOR8rysQdvRuLrK%2F59KdpQXXb3MYbGDE6TQcSRdQSuT33yehse8fvuLKbg9nk20I0hLl%2Bx96VXzULYdaYFRzf6e7ZTCfX%2BkrY4lg%2FnJaN%2BcZdKQmtSyLEmFZRj%2BbcKlID8bP5%2BhVimuqqay7LvOtD4Yar7M5AzVJymyzpZDA2538H5G%2BkXSbwBptGGwucB08sfYA9gIVDAmBdYU9LChayusazaj8EHaSRg3%2FlisVKMQtKi26Nsd7ORj7PgSqvMOrib22CCacRY1qZMNv%2FDC2n8PVMLonMgNMAYDdtwCC3WW%2Bcti0wveHMdjEBv%2B1gmx3ISwpaOQJ1CFco2mUXVl6TYguSkHLi4C%2FVlnQf2g96e5huAs%2BZkOtYAa7IWkHvDYqQTUZM18%2F5Ba%2BUcijqPob%2FTmCNzPQpmufa1ZXrBP5Z77NZvAKd63YxWKIXl9wsBHqZ5ADbqmbd9e4zahQTvlnvs1m8Ap3vnzvVhSqd1q9UM%2Bn6IwrS2pViIKhsTfDuzB88PiaCvNl5h4P%2FpmBTaGUVPaaAUXM3yIc68%2FqSKmfr6BdGBecpIGpYM0M1uau2xwcn6Dh7faE0D5%2BfXQoSIHIijDd3WaiDzvQUxVQu0TYF0dFkO4o1cULibIvF3EvM4dT88IaheFt21lsk88SJxhoOAuZQPlA1iCYqGGmCyZru%2F3lOn%2BhVAhRCgTbTApFTCrUcCVJRb3yMnGfQdtyE2IVsV0CTjmM11AVHcZMlfJzhUXYAZIXtDFOq75WwvT0OvBEL6GtryLG8AXCIYlYwq0SjkNOAugZ3Raw2djOJ%2BOkS1%2Fl%2BphEvInC03ni5mbM4B3Av0b%2Bci1ptV43IwYLX1e9q%2FH2QPH%2Fo5h8DWha218IkuIMgpUUW8qYP9No0aSSR22vs%2BO2lOyA5ljDfaIn7GtAgtGLlvE2sjFkyF2RK9zQea2oqSU2hy829levNLoI0A6P%2FTVG2MtkqGFfHCc7GUQ62Y%2FZzXeQoAEH7apbmAFG%2BHkZckPZ6rzBLppbLZknk0IGLxQrOgI6EgpWs3CE6n4e5Ub4CdB9L17dJiXGHvMLtOyzbtFIYbNkJ3Bz5%2FFFjhbXj9eAMoR51MkQtl4zuKuZfQcT1x9rTfrZFGqQhAQ2X3ImB3TFrtjWkV91nZJLZXji07UUpyA6WcAf0BX3b9s2BOUmlTsDHHc3QcFAA6W9HZiUWeBFxHT%2Bc%2BroWIMgW5rW56nB%2FGe%2B0IKYRqFDFH7k%2BQrgRLa3Q%3D%3D&mm_sceneid=1_0_1337030013_0&a=xxc%3Dad_ztc%26mi_id%3D0000iJjb3RhYdrOlmQrxRiqZt3N_P2PTXsTtEQDdmV8F0NM%26skuId%3D6030643473818%26priceTId%3D214780b017887048049815952e109b%26utparam%3D%2525257B%25252522aplus_abtest%25252522%2525253A%252525221d9b3b76c25fbcdc680d69471dfc80cb%25252522%2525257D%26&id=675874243731&spm=a21n57.1.item.1
一水肌酸99.99%高纯度快充肌酸粉300g赠耐力爆发力运动健身力量,24.8,3万+人付款,回头客1万元气码头旗舰店,//detail.tmall.com/item.htm?id=792891863360&ns=1&abbucket=7&xxc=taobaoSearch&mi_id=0000SQA3f0kVoiRNetCZafPmpgCeJCFxX9IR-V7vHGUGGQ8&skuId=5634191867606&priceTId=214780b017887048049815952e109b&utparam=%7B%22aplus_abtest%22%3A%22035ebb1e86823fdfd5f386cf9e210d99%22%7D&spm=a21n57.1.item.2
爱兰纯一水肌酸99.99%高纯度肌酸粉300g耐力爆发力健身长增健肌肉,19.9,3万+人付款,臻补剂,//item.taobao.com/item.htm?id=835708919297&ns=1&abbucket=7&xxc=taobaoSearch&mi_id=0000wAlBWHzecR3mZUnFbc_6RMhpTZpkCXj79LyZRghba7E&skuId=5823480305584&priceTId=214780b017887048049815952e109b&utparam=%7B%22aplus_abtest%22%3A%22e73026c37f33da4b75bfd88bbfcffe78%22%7D&spm=a21n57.1.item.3
肌肉博士肌酸一水肌酸粉 锌镁肌酸高纯度健身运动补剂官方旗舰店,39.9,9万+人付款,肌肉博士旗舰店,//detail.tmall.com/item.htm?id=798105337288&ns=1&abbucket=7&xxc=taobaoSearch&fpChannel=101&fpChannelSig=cd3a6289d21d4bb0b4c74848ac0fc8f004515787&mi_id=0000rT1wMqG6bKPRVza_lQhF0xoSnYMWskROOcHMheK0Ank&skuId=6193185059845&priceTId=214780b017887048049815952e109b&utparam=%7B%22aplus_abtest%22%3A%22d8b0d48c5d77ea4c79a855ec406b7411%22%7D&spm=a21n57.1.item.4
肌肉博士肌酸一水肌酸粉高纯度健身运动营养食品官方旗舰店正品,39.9,4万+人付款,肌肉博士旗舰店,//detail.tmall.com/item.htm?id=802745261057&ns=1&abbucket=7&xxc=taobaoSearch&mi_id=0000ppRQtFfQQK3ygcR5d5j0Fv6Zt9GlzFtPbs5HGIORVBw&skuId=5979996224775&priceTId=214780b017887048049815952e109b&utparam=%7B%22aplus_abtest%22%3A%22e7ec82f77d4c06f3c1409dcb091b4f1b%22%7D&spm=a21n57.1.item.5
【爆品NO1】FoYes肌酸锌镁一水肌酸粉耐力氮泵氨基酸健身增肌补剂,63,10万+人付款,回头客2万FoYes旗舰店,//detail.tmall.com/item.htm?id=767739335818&ns=1&abbucket=7&xxc=taobaoSearch&mi_id=0000XCf5Xb9fqtljVgKw8dFOiFL-WSoSXIyYACiT-4A1xUk&skuId=6205772755394&priceTId=214780b017887048049815952e109b&utparam=%7B%22aplus_abtest%22%3A%22d38bb3826b438ab12916673f07a42e86%22%7D&spm=a21n57.1.item.6
诺特兰德肌酸一水肌酸锌镁肌酸耐力爆发力运动健身补剂非氨基酸,19.66,3万+人付款,回头客3万诺特兰德官方旗舰店,//detail.tmall.com/item.htm?id=726648410223&ns=1&abbucket=7&xxc=taobaoSearch&mi_id=0000lpUIsxIj22WiARnQ2IaW9Z-UYoUythgyP-E9pxt5xAs&skuId=6286850230564&priceTId=214780b017887048049815952e109b&utparam=%7B%22aplus_abtest%22%3A%2293034470af55ce7ce2cb9b7c399c4f86%22%7D&spm=a21n57.1.item.7
BD能量高纯一水肌酸粉袋装100g健身运动力量耐力爆发力非氮泵,9.9,3万+人付款,BANNYDEER旗舰店,//detail.tmall.com/item.htm?id=834771253401&ns=1&abbucket=7&xxc=taobaoSearch&mi_id=0000us77dr95L3pPuuyuP2tFadIDJeWjrpy1WAR4uNn9h48&skuId=6298107170744&priceTId=214780b017887048049815952e109b&utparam=%7B%22aplus_abtest%22%3A%2289f96bfc1aeaad84e035b7adbc7b3d5f%22%7D&spm=a21n57.1.item.8
BD能量300g罐装一水肌酸粉补剂耐力运动爆发补剂非氮泵官方正品,9.9,1万+人付款,BANNYDEER旗舰店,//detail.tmall.com/item.htm?id=706666965124&ns=1&abbucket=7&xxc=taobaoSearch&mi_id=0000WqOYwOLm4BXCcZBYoUkm4UJ6dayNXDYVGSq9FbIHivw&skuId=6078393249842&priceTId=214780b017887048049815952e109b&utparam=%7B%22aplus_abtest%22%3A%2291fdcbfb7b1c5c080ae651ddf5e79a6c%22%7D&spm=a21n57.1.item.9
诺特兰德肌酸一水肌酸高纯度运动健身补剂爆发增肌非支链氨基酸,20.93,3万+人付款,回头客20万诺特兰德旗舰店,//detail.tmall.com/item.htm?id=924410229064&ns=1&abbucket=7&xxc=taobaoSearch&mi_id=0000QXT1UEk5H600FdN3zksMB4XltPNcHq_7cP3L8CuMyjM&skuId=5897201680715&priceTId=214780b017887048049815952e109b&utparam=%7B%22aplus_abtest%22%3A%2290cc148bf16a73c34f35ed6382df8705%22%7D&spm=a21n57.1.item.10
凯普锐斯KEEPMOMENT肌酸粉300g一水肌酸健身体育生爆发力耐力,19.9,8000+人付款,KEEPMOMENT旗舰店,//detail.tmall.com/item.htm?id=723279686559&ns=1&abbucket=7&xxc=taobaoSearch&mi_id=0000YToFyuLs9AkA6NcLB1Rdqa6cSqO2naaSNKKpxTwtrRI&skuId=5345763371925&priceTId=214780b017887048049815952e109b&utparam=%7B%22aplus_abtest%22%3A%22f9c83ebf7095974cc530e29b0968e031%22%7D&spm=a21n57.1.item.11
食品级纯净一水肌酸纯粉健身增肌粉提高耐力长肌肉高纯度肌酸粉,13.4,2万+人付款,12年老店开心健身原料,//item.taobao.com/item.htm?id=673831634118&ns=1&abbucket=7&xxc=taobaoSearch&mi_id=0000gP4nubTCJ_4sX1jo8ykGZOFt5iJw71RRofoAPVN7xkk&skuId=4850409481986&priceTId=214780b017887048049815952e109b&utparam=%7B%22aplus_abtest%22%3A%22810f89170f8dde0f8f49dd5126237229%22%7D&spm=a21n57.1.item.12
一水肌酸高纯度增肌粉袋装爆发力耐力运动健身补剂非氮泵纯肌酸粉,6.8,4000+人付款,5年老店汇生源生物科技,//item.taobao.com/item.htm?id=937439030984&ns=1&abbucket=7&xxc=taobaoSearch&mi_id=0000cF5UVkA3R66bJZ8nlQ29a-0cY6FBuNBzFFsf4Bkb1nA&skuId=5865973229165&priceTId=214780b017887048049815952e109b&utparam=%7B%22aplus_abtest%22%3A%2266db23595422ddbb537c27e49f02c142%22%7D&spm=a21n57.1.item.13
FoYes锌镁肌酸180g一水肌酸耐力爆发力非氮泵氨基酸健身增肌粉男,48.9,1万+人付款,异彩运动营养店,//item.taobao.com/item.htm?id=919596837979&ns=1&abbucket=7&xxc=taobaoSearch&mi_id=0000H-1QJ_Mx1QIk8wDEHxI8zqqAaxpVEJAfKF8jwokOV7Y&skuId=6240431391264&priceTId=214780b017887048049815952e109b&utparam=%7B%22aplus_abtest%22%3A%22eb712f070e800d57235475c9a728b50d%22%7D&spm=a21n57.1.item.14
磅普锌镁肌酸粉300g高纯度99.99%果味肌酸健身补剂引爆肌力非氮泵,26.8,3000+人付款,磅普食品旗舰店,//detail.tmall.com/item.htm?id=1037797426895&ns=1&abbucket=7&xxc=taobaoSearch&mi_id=0000UfBaiq18Yd3Dqcp2vmGnn7tP6xgQXJzqSbyj1UcplPU&skuId=6056895381862&priceTId=214780b017887048049815952e109b&utparam=%7B%22aplus_abtest%22%3A%222b330de09c627c0bbafe3bc7097963fd%22%7D&spm=a21n57.1.item.17
训练怪兽一水肌酸男女肌酸运动健身训练营养补剂增耐力肌酸粉官方,53,6000+人付款,6年老店训练怪兽旗舰店,//detail.tmall.com/item.htm?id=1057940758778&ns=1&abbucket=7&xxc=taobaoSearch&mi_id=0000rq4KzzVG7y6K-2lgMrW0vAOtxMQc8Ea7ZWw55h3ba9s&skuId=6108009292136&priceTId=214780b017887048049815952e109b&utparam=%7B%22aplus_abtest%22%3A%22833f774d243e45f537fca5596ba57cf5%22%7D&spm=a21n57.1.item.18
肌肉博士肌酸一水肌酸粉红牛风味运动营养谷氨酰胺锌镁粉健身补剂,39.9,3万+人付款,肌肉博士旗舰店,//detail.tmall.com/item.htm?id=797919427138&ns=1&abbucket=7&xxc=taobaoSearch&mi_id=0000-3-U2Fi4VNhtNnX853uAsrZ9lEBNUzhQ190JHTgXES8&skuId=5949965729098&priceTId=214780b017887048049815952e109b&utparam=%7B%22aplus_abtest%22%3A%22ac24044c4be50b5f017ef126b4aba3f7%22%7D&spm=a21n57.1.item.19
一水肌酸原粉 纯肌酸粉 食品级高纯度肌酸粉健身增肌粉提高爆发力,7.71,6000+人付款,14年老店尚宏生物科技,//item.taobao.com/item.htm?id=670900610588&ns=1&abbucket=7&xxc=taobaoSearch&mi_id=0000QWnELadSdKNaJHGgrgmOOdbQ4BN1lOHZ4C52YZbpaAI&skuId=4857161780844&priceTId=214780b017887048049815952e109b&utparam=%7B%22aplus_abtest%22%3A%220ba026e4b5a6781043a1ccdbec677371%22%7D&spm=a21n57.1.item.20
诺特兰德肌酸一水肌酸正品运动健身补剂非氮泵氨基酸,19.8,2000+人付款,常乐运动补剂商城,//item.taobao.com/item.htm?id=730433180338&ns=1&abbucket=7&xxc=taobaoSearch&mi_id=0000rf_Smm8iCT_f3ErHP5B8f83iO1AwMMp1NY5C0rUR4-c&skuId=5435267916609&priceTId=214780b017887048049815952e109b&utparam=%7B%22aplus_abtest%22%3A%22dd388da40aec27364e9066df5206dae7%22%7D&spm=a21n57.1.item.21
爱兰纯一水肌酸99.99%高纯度肌酸粉300g健身耐力爆发力非氮泵bcaa,19.9,3000+人付款,超人 补剂,//item.taobao.com/item.htm?id=676121492633&ns=1&abbucket=7&xxc=taobaoSearch&mi_id=0000wCKGDQKYJ6UvCExf8jfcYipJICPFIZVdrwO33K5_JmE&skuId=5189320046061&priceTId=214780b017887048049815952e109b&utparam=%7B%22aplus_abtest%22%3A%22d270970b691cb943aa9c2bc4a4ca5b1f%22%7D&spm=a21n57.1.item.22
凯普锐斯KEEP MOMENT一水肌酸粉300g高纯肌酸粉补剂健身非氮泵,19.9,1000+人付款,KEEP MOMENT企业店,//item.taobao.com/item.htm?id=708998278054&ns=1&abbucket=7&xxc=taobaoSearch&mi_id=0000O55L0U5qv-QlJF9bPnDywPfi1UEaPp_GbEIWJV5b-7E&skuId=5530433009865&priceTId=214780b017887048049815952e109b&utparam=%7B%22aplus_abtest%22%3A%22c4655dfcb823df3583e771f485cbe5e3%22%7D&spm=a21n57.1.item.23
康比特炽金纯肌酸粉锌镁一水肌酸健身补剂力量爆发力耐力运动增肌,63,7000+人付款,回头客2万康比特品质店,//item.taobao.com/item.htm?id=768263999608&ns=1&abbucket=7&xxc=taobaoSearch&mi_id=0000yOykuEQGENxSXsvCjTuATFgaJeSNozuuulseoOlzDwA&skuId=6180798059142&priceTId=214780b017887048049815952e109b&utparam=%7B%22aplus_abtest%22%3A%225b31f63cf7b4bc52901890a88c2e82db%22%7D&spm=a21n57.1.item.24
FoYes快充肌酸便携高纯锌镁一水肌酸耐力非氮泵健身增肌粉小袋装,7.9,4000+人付款,异彩运动营养店,//item.taobao.com/item.htm?id=918691195878&ns=1&abbucket=7&xxc=taobaoSearch&mi_id=0000CdTq97xmNyBySnHaPFYXIlUyvjIZpwv7Eyryekk9Xvo&skuId=6292402815903&priceTId=214780b017887048049815952e109b&utparam=%7B%22aplus_abtest%22%3A%221f767a30d29925cacffe11e69134ea75%22%7D&spm=a21n57.1.item.25
迈斯朋克一水肌酸运动健身训练营养补剂耐力爆发力氮泵锌镁肌酸粉,28.42,2000+人付款,迈斯朋克焱焱专卖店,//detail.tmall.com/item.htm?id=999382488429&ns=1&abbucket=7&xxc=taobaoSearch&mi_id=0000UmTX9rJ4A16Cs0A48RGknsHYkorAG4Qxwl2bmLp26as&skuId=5985210245614&priceTId=214780b017887048049815952e109b&utparam=%7B%22aplus_abtest%22%3A%22b30505ce5f0c2afa08f009ea5559b229%22%7D&spm=a21n57.1.item.26
康比特锌镁肌酸粉100g高纯度肌酸速度爆发力力量运动健身营养粉,31.9,2000+人付款,异彩运动营养店,//item.taobao.com/item.htm?id=946140744606&ns=1&abbucket=7&xxc=taobaoSearch&mi_id=0000gOT7Q7lXrqI6UOjq5wfDyaOfxxQHjGH0evgnl1u3qf0&skuId=6279067231944&priceTId=214780b017887048049815952e109b&utparam=%7B%22aplus_abtest%22%3A%224b6404456363f9c0ec53d9ced23e0a93%22%7D&spm=a21n57.1.item.27
米当卡快充肌酸高纯度一水肌酸粉耐力爆发力非氮泵氨基酸健身增肌,23.2,8000+人付款,回头客6万米当卡旗舰店,//detail.tmall.com/item.htm?id=854664203116&ns=1&abbucket=7&xxc=taobaoSearch&mi_id=0000Q3GedrTPvBgv5oWv2BjWSrPMeuO9hx--_IETVp0FUYg&skuId=5826692263552&priceTId=214780b017887048049815952e109b&utparam=%7B%22aplus_abtest%22%3A%22986b1fc05abe5b3355cdaa7c197a07c1%22%7D&spm=a21n57.1.item.28
Myprotein 一水肌酸粉运动增肌健身训练营养补剂耐力爆发力,48.21,3000+人付款,回头客9万Myprotein海外旗舰店,//detail.tmall.com/item.htm?id=539413299568&ns=1&abbucket=7&xxc=taobaoSearch&mi_id=0000n7U3K5f2rNe3wktike-T0iqlHhFqLy6J3O5NDdQ8kHE&skuId=6128129437129&priceTId=214780b017887048049815952e109b&utparam=%7B%22aplus_abtest%22%3A%220fe5f965a1b64dcbe6449422e4188717%22%7D&spm=a21n57.1.item.29
训练怪兽一水肌酸男女运动营养补剂耐力爆发力女性谷氨健身氨基酸,51,2万+人付款,回头客400万阿里健康大药房,//detail.tmall.com/item.htm?id=971325805779&ns=1&abbucket=7&xxc=taobaoSearch&mi_id=0000HrHt6Hex7aU8bTSMMfatP_TN62cousEtNyLkhgZdShA&skuId=6206532770859&priceTId=214780b017887048049815952e109b&utparam=%7B%22aplus_abtest%22%3A%224c971ba8f09ea905c979573609604d3b%22%7D&spm=a21n57.1.item.30
肌肉博士肌酸一水肌酸软糖便携健身训练运动增肌营养正品旗舰店,49,5000+人付款,肌肉博士旗舰店,//detail.tmall.com/item.htm?id=1049859360303&ns=1&abbucket=7&xxc=taobaoSearch&mi_id=000050LfGaJMijmg9J14Ak5QlXheMUHg20WOSQAjzBb_wwg&skuId=6270651811617&priceTId=214780b017887048049815952e109b&utparam=%7B%22aplus_abtest%22%3A%22e3f79ebd6ee5993750a13643e9510711%22%7D&spm=a21n57.1.item.32
BD必第能量一水肌酸多口味肌酸粉100g袋装爆发力耐力健身A类补剂,9.9,8000+人付款,BANNYDEER旗舰店,//detail.tmall.com/item.htm?id=856801376795&ns=1&abbucket=7&xxc=taobaoSearch&mi_id=0000L2kYURig7T5dgpmfoSgH5Ejs23n4gksJzEA1-ndFv1g&skuId=6078409473692&priceTId=214780b017887048049815952e109b&utparam=%7B%22aplus_abtest%22%3A%22dffb968df3e077e229a378b2d1fbd851%22%7D&spm=a21n57.1.item.33
HotRule一水肌酸粉锌镁肌酸粉耐力健身增肌力量非氮泵氨基酸补剂,38.41,1万+人付款,Hot Rule旗舰店,//detail.tmall.com/item.htm?id=905087865082&ns=1&abbucket=7&xxc=taobaoSearch&mi_id=0000HtsJpxbVtp-amWB9cgX0lI_q94WLgjMEHrtIipXnhFc&skuId=6279964270703&priceTId=214780b017887048049815952e109b&utparam=%7B%22aplus_abtest%22%3A%225028be42e9287e5999a6cf6d4e52d7ca%22%7D&spm=a21n57.1.item.34
康比特肌酸锌镁一水肌酸粉耐力爆发力运动健身增肌补剂官方旗舰店,73,7万+人付款,回头客10万康比特体育科技旗舰店,//detail.tmall.com/item.htm?id=640468642224&ns=1&abbucket=7&xxc=taobaoSearch&mi_id=0000Ye_xGYGCRlnkvECfGlV4n0HBRQvrvvijHaesfIDfMVg&skuId=6248616530251&priceTId=214780b017887048049815952e109b&utparam=%7B%22aplus_abtest%22%3A%22cece9368aa7788a0d6f0ab8686de03d3%22%7D&spm=a21n57.1.item.35
元气码头一水肌酸粉男女健身运动补剂一水肌酸300克,22.8,3000+人付款,肌肉英雄运动营养,//item.taobao.com/item.htm?id=807158966777&ns=1&abbucket=7&xxc=taobaoSearch&mi_id=0000UmSoUTLD6xOGm4EfBgVBA5dqjyvIBQYkj5o4hTl5r-U&skuId=5570661872067&priceTId=214780b017887048049815952e109b&utparam=%7B%22aplus_abtest%22%3A%22f3ac3d554880204d4ee4eb71b6887a55%22%7D&spm=a21n57.1.item.36
UP训练怪兽一水肌酸袋装便携条装肌酸运动营养补剂耐力爆发力,17.91,1万+人付款,6年老店训练怪兽旗舰店,//detail.tmall.com/item.htm?id=843420026132&ns=1&abbucket=7&xxc=taobaoSearch&mi_id=0000cW1z_rowUadi3Fkg7r47QV0rebeooq4CBd-3Atq1vbM&skuId=6248018559653&priceTId=214780b017887048049815952e109b&utparam=%7B%22aplus_abtest%22%3A%22ea56ac2415ea2c90b7c2f3b3ee049a87%22%7D&spm=a21n57.1.item.37
bd必第能量一水肌酸100克袋装多口味性价比99.99纯度健身运动耐力,8.9,5000+人付款,9年老店健美黑军健美补剂正品店,//item.taobao.com/item.htm?id=838200077424&ns=1&abbucket=7&xxc=taobaoSearch&mi_id=0000ncXQiQpznpKaKHThGVufIYUjk0VBegYM9Zg4cTdyDmk&skuId=5947452469601&priceTId=214780b017887048049815952e109b&utparam=%7B%22aplus_abtest%22%3A%22393ccfe4d548b996eb860860393be775%22%7D&spm=a21n57.1.item.38
Myprotein己能 熊猫一水肌酸健身补剂增强耐力爆发运动营养品250g,71.91,3万+人付款,回头客9万Myprotein海外旗舰店,//detail.tmall.com/item.htm?id=606699958890&ns=1&abbucket=7&xxc=taobaoSearch&mi_id=0000TvvtwE4tK8sb6veeF1mc6wyG2EfXzWYEKz2HqD_rdNc&skuId=6222566027276&priceTId=214780b017887048049815952e109b&utparam=%7B%22aplus_abtest%22%3A%223a1b7854359e5d4877498da7c924ce0a%22%7D&spm=a21n57.1.item.39
诺特兰德肌酸一水肌酸载体肌酸补剂纯肌酸粉体育生锌镁肌酸片,9.3,500+人付款,兰博运动营养,//item.taobao.com/item.htm?id=994368115528&ns=1&abbucket=7&xxc=taobaoSearch&mi_id=0000jLA73drgRkIMjZfBUriM03-FbAWcBveEVce6Z6EcsDc&skuId=5974194908634&priceTId=214780b017887048049815952e109b&utparam=%7B%22aplus_abtest%22%3A%22905fa1e3303354d68dc0c896740d8064%22%7D&spm=a21n57.1.item.40
99.99%欧力普一水肌酸健身运动补剂纯肌酸粉爆发肌肉非锌镁肌酸,27.9,1万+人付款,欧力普旗舰店,//detail.tmall.com/item.htm?id=811211584453&ns=1&abbucket=7&xxc=taobaoSearch&mi_id=0000yXdUtnPHELEziohKcbCYZYrsfLt7RVuLo0ZGvhK2FC4&skuId=5987898745111&priceTId=214780b017887048049815952e109b&utparam=%7B%22aplus_abtest%22%3A%221425e6e99d3fca4d3d8ad08c5b4fc150%22%7D&spm=a21n57.1.item.41
肌肉博士肌酸一水肌酸粉果味高纯度300g增健肌耐力爆发力运动健身,39.9,5000+人付款,9年老店AD健身补剂,//item.taobao.com/item.htm?id=764639823319&ns=1&abbucket=7&xxc=taobaoSearch&mi_id=0000idauFp7eWK-jHTupeogfFTvYOewgljNZtVDpxPHX0G4&skuId=5749034932687&priceTId=214780b017887048049815952e109b&utparam=%7B%22aplus_abtest%22%3A%223b06814fe0d752330ae9a72c5bcb3105%22%7D&spm=a21n57.1.item.42
ON 奥普帝蒙 绿标一水肌酸粉100g/200g肌酸男女健身粉,69,4万+人付款,6年老店ON奥普帝蒙旗舰店,//detail.tmall.com/item.htm?id=619646208020&ns=1&abbucket=7&xxc=taobaoSearch&mi_id=0000zjCiNGXMpi9hj9OXlLJAjOTKniFxmWB8igsjyxjIRM0&skuId=6241070426620&priceTId=214780b017887048049815952e109b&utparam=%7B%22aplus_abtest%22%3A%22fc72065589515ad8b814705fc4066f14%22%7D&spm=a21n57.1.item.43
诺特兰德肌酸一水肌酸耐力爆发力运动非支链BCAA健身增肌正品,18.81,900+人付款,回头客1000万天猫超市,//detail.tmall.com/item.htm?id=743389897392&ns=1&abbucket=7&xxc=taobaoSearch&mi_id=0000tOtm4FIVNGnr1n8KT5E8rJQocGEfk4TOGyILri4bNPU&skuId=5125286280790&priceTId=214780b017887048049815952e109b&utparam=%7B%22aplus_abtest%22%3A%22974348b1a028946b183dbb71bc60b1bf%22%7D&spm=a21n57.1.item.44
肌肉博士肌酸粉300克一水肌酸锌镁肌酸增肌健身男女爆发耐力,39.9,5000+人付款,正品奥赛周边,//item.taobao.com/item.htm?id=674263240568&ns=1&abbucket=7&xxc=taobaoSearch&mi_id=0000qhrQnFqkLf1V2M_STOtNQU35f4xuW3eacoeHsTO6dsw&skuId=6014694481610&priceTId=214780b017887048049815952e109b&utparam=%7B%22aplus_abtest%22%3A%22ccd6b2158293a60421a403a10798c7be%22%7D&spm=a21n57.1.item.45
康比特纯一水肌酸耐力爆发增肌运动健身补剂锌镁肌酸粉官方旗舰店,73,2万+人付款,回头客10万康比特体育科技旗舰店,//detail.tmall.com/item.htm?id=595111277563&ns=1&abbucket=7&xxc=taobaoSearch&mi_id=00009ndV0ik86TvGg9kUhWYTyrHYO_WMqFVxdoVIbMiwzNA&skuId=6272044662052&priceTId=214780b017887048049815952e109b&utparam=%7B%22aplus_abtest%22%3A%22d1acc4af7335770562cbfea6d96c6621%22%7D&spm=a21n57.1.item.46
【回购正装立减5元】FoYes快充肌酸一水锌镁肌酸粉力量耐力爆发力,6.07,8000+人付款,FoYes运动营养旗舰店,//detail.tmall.com/item.htm?id=1026752606293&ns=1&abbucket=7&xxc=taobaoSearch&mi_id=0000L6-eh3DSShop1eip2zkH4O7kL3HE7r8w4LQ-toA1RaA&skuId=6203896167758&priceTId=214780b017887048049815952e109b&utparam=%7B%22aplus_abtest%22%3A%2280f43e8381c2353909bfa190aca2eb88%22%7D&spm=a21n57.1.item.47
FoYes肌酸锌镁一水肌酸粉耐力非氮泵氨基酸健身增肌补剂旗舰正品,53,3万+人付款,回头客400万阿里健康大药房,//detail.tmall.com/item.htm?id=904795850196&ns=1&abbucket=7&xxc=taobaoSearch&mi_id=0000c4Dpxf9gDkg8IpUVfoVNGLtfoioQ_Ga9xIAWHdgt8ZA&skuId=5953888180490&priceTId=214780b017887048049815952e109b&utparam=%7B%22aplus_abtest%22%3A%22e8628a4d7ec887de746840ab66b5d8d6%22%7D&spm=a21n57.1.item.48
bd必第能量一水肌酸粉纯肌酸粉100g健身运动力量耐力爆发力氨基酸,9.9,1万+人付款,老伟的皇冠补剂店,//item.taobao.com/item.htm?id=845418378705&ns=1&abbucket=7&xxc=taobaoSearch&mi_id=000012GAjYWzjivhvSeZRpHZTjl10cxqa0JOMKpQSzjiZ9w&skuId=6129333545918&priceTId=214780b017887048049815952e109b&utparam=%7B%22aplus_abtest%22%3A%22515006257a35e4bb3b2c74a35a9c9258%22%7D&spm=a21n57.1.item.49
熊猫myprotein一水肌酸250粒运动健身肌酸片增肌耐力爆发力进口,140.91,800+人付款,回头客2万名人补剂,https://click.simba.taobao.com/cc_im?p=%BC%A1%CB%E1&s=1713476891&k=2637&e=0UergKtY5Ewp%2F140bnO%2B2%2F9%2F%2FwwHhel%2Fsiq1BHDSJ9T2rP%2BO0YI2CMG1Ye6zhOEDnmiWpNLAkz5l4j%2BBxJfY7kXgPrUSWrHiwW9cyezrgBQYkZiGGVVNbIoS3%2FISrSXveq2NPSOuNTcwJrk3N8bcNu%2FrWPeOBjanjnwhF7iOLhC%2F%2FFG6VhhQngsDgNmLHK4U8sLcM%2Fd0oOT4vied6C1EgZRfAKHvzW6VbbRmcYCfWh7w2Ih97c%2B0Sx0KUlas%2BurSsBF4ssqb4g4VFZdKRsivUc8raR1TYpkiKUJBkp%2FP5bsx0qe3M%2BoZcqT1HoGUxr%2B1Aad0AnWn2PNXwO3Fiw3CqGV1C6pqZmQntMEZS9YDEixARXFsxbV3O4%2BJy38GNYZyIoSSA9WGQa0pwM8MOuFd9Wj06LGwty7abkw09SYMs7m0abaTIPN5ejqGBmjzqtIJSHBOaSKM0NuBVenrXzY1j5XZOVia9SrXwI7s7r7GkWnU2t%2FOnObsLMwE0NsVFUfkC50TUguR5uTiZEmAhfzV6uDJ1vVXs7ulm4%2Bp3L3YBHciCP6Zl2sKqBvsJ7f7zkhw0xvagfcxYwcdBwHDa%2BK0IcdyntDzOBrOA7YXZNlhMpw5ltrBKACZbP%2FkNd91MriiuhDGj%2Be3sNYkKc9vh8o0XuVs%2BXLiAcbyRBWDA7SYr4zcdwgHULJLSUH1W2IvZ0pWCiSyQOCcgclB08XeFqXY%2FAZIJFkD5yh4ivUr5UN37OAjRoUVeSI%2BUURJA3PJnJQBwcnXNJrYgODr9VUq3cWbOCRGDOkjFmaBVO6YcNkW83Nyv37mRi1muAPUWIBVVaFyIyaXn1UQofSekXJH4A5ISU0jojUZvjXPDaTMf%2BuT9oP09551F7pKwa9a%2Ft53Ke6z2sQuSvYlS5%2F8d2WW3uoUIlYcnOZMnjCCjc52IAB%2FjPuM5YjVOg2F1Ir1K%2BVDd%2BzgZOFu%2B9fFCQvbuT5dX13RCfmwO62HsRutSTcjv2kh%2BrW3rP%2BHALocgScyYAahOeEswFx4iz9GUtfOQXD748JFAk0IGLxQrOgIDKDwIMn98JP4e5Ub4CdB9L17dJiXGHvMLtOyzbtFIYa0UdTq4Gr2Hmt1yyN7ajJlp7o4I0D00xxbPCOKUeKYo1uZkVnJLqMiw1m87sxRR2w8jn7xkpRAqG0k7NDOGrbmbaNB0mOyII7hg4XodDiO%2FY2WB%2BesIXChb13Gbdpkwhbo4qkuEghb4HENAxWCpSJXZ2j%2Bgpht9kZnN%2BPQQLJ8R%2Fj5XK1AAgDRAlqVyg9iCLJzpTPEAhT9sINbpwRt%2B7OvZuHveyuJzuHbF90MUcyYDbXzesg5J3n3sU3y%2FnoyTH4wjsQT0wkuUdOoPtl3lD70omY7Z8NIxvZ38oxu9cUW0gU%2FKkapByFk9BuabVgoUZNANTUGv6inUJNXSL6eul31NpRwR74yJNI7pvm8TrxKhMj5D0ahchicg3rGoxUvNprnNnx53z7kImovTHPvpX7zA9RYgFVVoXIjJpefVRCh9J6RckfgDkhJTSOiNRm%2BNc8NpMx%2F65P2g%2FT3nnUXukrBwE518FJJXUaEn%2B66csRR8VYFhaTEXI8zYKBvFpYmGYfDcW6rTrh1Re7QF9cb3ZMlyxl8BfvYpS8pg%2BnoCkgWD9tYqd2fUeU3R8XNAgZzq6ac1stMDIRQiRG5mbrlKajH6wDOm7GzLhSRfxnACxya9fCp3ba2sTviIuR0kFqiSe8st%2B3FgLfwrtEu6Pd343koB%2BcxPkWXn1hGxpXDraIziBc0z4WrR8S6UlyICnqnP2l7I%2BWUn5LXp5qh%2BNWLJ76tXAABlGpR3PMYRezFpDuAHKvnvBdArLwSc1BX0r3WrqxtIehl%2FpM0T9xuTU0lRDnYq%2Be8F0CsvBK0xcqDrY%2FlnkkVLOROHQBS%2FFLj%2F4I4Qo%2FGPG9khSzf%2FDldtFjoIIzTqsqW6WvHBC5QXL7TqsY7ftmXGlFunnItAg882msb6oETQPn59dChIgciKMN3dZqIhcWvRygg247UEtpbR9PzNmn7KiBAX8rlh8FU1U4VpfLFemewJ%2FVplBHzR9rL1asG2ZcaUW6eci2U97ihmcQ38%2F2Qa14Wv4Fk78%2Faoi%2BbcZNV14XF7MBTHuhgjcPnUNW3XUBUdxkyV8nOFRdgBkhe0LDPLC90L8QEmBPY8kwaaL0bwBcIhiVjCgpmClGYQ3q8UeBKKBUwMJ0%2FD%2FTfvlYDeMeERU3Z1YN8azxgnS7m7lxPpTgKTTO2G%2FaeHgoQufpPw8%2FnJhldstpXmY2wUhlEfz%2B%2Ftv9KSGGuh%2F7wOrCS%2BitNRX29EPUjBUHpnhG75i4%2FVNbA%2FQuOU4Ib%2FDsnobSkhpLinWKlVfCD%2BYwnn2Xut%2BV5thI4BVHcHbMkVw0%2FkyCaPV5IiKUT6d6GsWOtKJl7qLVtqYPZ%2BbW3D22Svcv0zjZAdtPKWAremcgZhRIWjZ5grj%2Bg1zWPjFbB2HeeWfU7qN9zY4Rme5fEqGxWFkBpMEfG4TVPOL4Ofm0k7NDOGrbm0O8H6NE%2FH54S4vg8Xg8Th61UqjEC3xVvN3iM9D9zFYzEOZYnsDY066APmvsRISu%2F49UyAxfJTSHS98rAh71Eiiq%2Bp2cJ8GjscNPObX4Tsig%3D&mm_sceneid=0_0_124138803_0&a=xxc%3Dad_ztc%26mi_id%3D00003kdQ9jEEz7v8DMLwEN1Nw0VWHnIMVX_cNIcYt7vpD80%26skuId%3D6293972499686%26priceTId%3D214780b017887048049815952e109b%26utparam%3D%2525257B%25252522aplus_abtest%25252522%2525253A%25252522189bcb1017f9a2e5372e16d1066125e1%25252522%2525257D%26&id=606312618222&spm=a21n57.1.item.50
美国ON奥普帝蒙欧普特蒙纯肌酸粉健身一水肌酸氮泵力量爆发力300g,103.95,2万+人付款,黑黑老大的地盘,//item.taobao.com/item.htm?id=704184813217&ns=1&abbucket=7&xxc=taobaoSearch&mi_id=0000fvlwD6GQZp_jry7-iyO_EZOThLacJpONfIxHpwcpVxM&skuId=5250408188936&priceTId=214780b017887048049815952e109b&utparam=%7B%22aplus_abtest%22%3A%22516227e1b7a970182621e64508063f3b%22%7D&spm=a21n57.1.item.51
肌肉博士肌酸一水肌酸粉高纯度健身运动营养食品官方旗舰店正品,39.9,4万+人付款,肌肉博士旗舰店,https://click.simba.taobao.com/cc_im?p=%BC%A1%CB%E1&s=807818389&k=2657&e=lrC7SxKIVUvHYnnaR7oKm9gJGt3SbG6C9uBBZ326Fj14lMowy4ASDjude%2Bc4gTsN23YHpMWtq4wgUvvEcwlNCl1D1vP2yR15W6SmZMwUaG2J3kDt%2FAC0SljOgNIoyqcHiRrj9RRM39Ml3milCYTjUCM0NX%2F0y%2FbUcuMtnmxlga%2FJBOj0tpyJgXJCG5dUhS7di2x6Zi3LCYDJZFca2MG%2BIzEgDt7ts3cbSTjocmsfavpuo6AxBRYovCtLHllz3hDtIuGEuUlWdXL1qhrjTTwkAhB3TzPTyWdpVBxZ7AEcqeIgvEOLCh9%2BFQ8icngrXI2oAbvqo2A7ZIf%2BqAo0%2FfdgPUbkTcBp8elwf5J9oL7DVeAKYqWwuswGlBMw9op6RhuAGn9yxiK9%2B1lRHcy4lHTrxpEq8ihx507OD14YfOTIqfGTn%2BIT8FSAUubz%2B9O437ghlayTlnkppXYHLJl1C7B3H9zkuVDvroPcxVOXXBmMcKiob13Gh9dfexhVAopmrNHi4sDQkPlJR5HaPgVqdAE8XLvJ9O0Ki397WCYm5mGh34U2Ad2KpV9bHk5eKo0ZRcTSTxhRoSTgX0azOkVPTkBqenwXHJXoQbllOnsZ1OqFndrdTQV7LR1i52c4dDeuQ3qxbpXmCmG9oHCPXF6UqngPJv7lmuuE%2BeqjeTcb4c8iyV%2FSc4D3q0F%2BjhkuTUsjvuymXe07Z9hkjzEuF%2Fx4fOYJOFMXgz2FPO1JyDKOqrBbsXcZdFhAQN0BzJYOmyHhM3hrie4NSHCC56Oy1Mn2NCkYQfw2GI9U8GOf3m4eHgXn3dax4ttuhz2%2BNgwvxS0KBKHR0oGxnTqAlOfbqV2Cwg60TO54mExCmiMzYMWaG5TNbZ4TUlKa4PfMNqqkYttx1qUnf2J96OuhtyCFtg6GT3UVA1TzQkLVupJwkZ5rhp9C6aPfjdpdg9oTe5FoRYcSdqZSgMTvzimRHwB%2BbViYujIMVDrwPZtTsUxLWB9oyvhZRUuRfa5w1d7zzSVHdI9UvT9GQr%2Btwwf4Poj17Hnf83EmyqqOy6gqPp8DD0Rp96CmPb3doxQ9Sw5UJSMmzw6bOUowzmQCmsms%2FYtHDLEmz3SCELsuiUEjbX9VoMld9mMGjFfwv7c7cS2rAJghzKw8Y%2Fz5xNmagD99ZKfYWdURIsFFJtWKsCH%2BWMdsyUoVtHtydI9IOZgMbMWO9u54mExCmiMzVuZekbVgpcAEUMTVSQBrpTeJvyjQszb6mShrtZul1ERhZehVqlPPZy1o%2FAju8cI2mTg9RURXJLR90i0OoObvQ%2Bw1BkwE5SkEkJwlWitVcM5QHSTsWlN834tOwxJ2sYqA9HVadGul8%2Bk%2BESnhaJvvJlgeZ7BXt2WEJBDWIQXray13z7nZdL9f6rEUOtOjvYDqRkudSrZuIGmpr1ImzRAWSVPP%2F8TVHJ56MuOkP%2BWsjYWTuTWqZ9O5k7kKW8UOtUoHyYOIZCKpuYMNZYQKEdagaHxTChTeLMPvNiI848izyIk6yrBWC4ej7IbsB9P4tXGb2vB1dWQgpp3dfCzBxU%2BhwzfIPVlTVPuKn9Xada9H6X2eI3Ru9IAgrMV2GesqAeShpGSgs6YEMsI8pkjw26508Vau9dCAAh5KnKdpMCAKOP7SGwYK31g2FaCHsqFDjrzG2jQ%2BPHr3bQ0kFV61kBpoqimzNY14OUcBCb95wZZNR7NFVVXf89XA9M5owZPq3J8kD0gHqtnxrey7nhiH%2BueB2jC6lN1hqe5jOsya8b9uXyABtnTaRWltby74gEzQC%2BrosXRAx%2Fi8mclUzxoDftLnz0KQlId29R3Cd16TBPtPbMgGulQ9SH8QeVw7KqbFbh%2FofmpkIqn1cnMl6ZKa9Qo5FqIuirG6hZvdXDsqpsVuH%2Bh%2BamQiqfVyc2LAMHGLb7zk3v4uFusDV%2Fa9edGi5g7jIVweIaKfSFsKc2SoI%2FnGR8i50b1Z6eTpAMaPF4vdxuF8DxeY2Bc0ewSsf9ZHrPlw1tTLb%2FR%2Fyhwl1gtMjVGpWTq%2F%2FtT871Wu%2F22iGZEH8t27AnI0aC2oTr9qUhAjAIdsieJLOKivLDCOoMld9mMGjFcqv0%2FC%2FLdwL6%2FZ%2BN2vjOskMdtXt6zqCVjum2vsRoWAayijxO9EpgKLaWM%2BWWcZRWkjCGHaPcyc%2BJp28RT2kB8wwnd1NxmPyCECHZwL0zh358I99z01ItSXyc0qy6U1nN0nuy1q5pWrrdDcDlg9mJKk%2BZN%2FBSueVmKX2WoCHHYXvksBvlz56RvF1KlEmkRWcv99UcNI%2Bxby33NEp%2FlIjvyEUXkMVPxLIvk%2BrHEdwey5TAZ%2BcLawpwtqD53MtvG%2Fi9%2FK3h%2BnBy2w%2BHrzp92QT4E3BM%2BCw9fLOxsn%2FI2cf8wWpD%2FjyNK2VEnChAtF0gL6awJSwwoJg0XN84W4egn5qL9e7niYTEKaIzMKwNsMZ9OwJcIhFlVqRQAdJ2D2VGuO%2FMVI%2Fg8tfC0RylNPAldQt6NgBoVZ0uL3%2FoylLF3SArBCKeNN2fuUnf%2FMNhxSkkYIcg2bg98DG5OnmZcaLx4VPH3YJyiIIQM%2Fs3yXwm8uK1BWftFJMqGE3F3bvwzdyAsCcDtBrYdWbxEcnRZ1sVNMbduGy50YthSfjBQkFV61kBpoqhK39w%2BwzL8h&mm_sceneid=0_0_6505954648_0&a=xxc%3Dad_ztc%26mi_id%3D0000ppRQtFfQQK3ygcR5d5j0Fil4FmvIMTJNB_3JiLdNlmY%26skuId%3D5979996224775%26priceTId%3D214780b017887048167556635e109b%26utparam%3D%2525257B%25252522aplus_abtest%25252522%2525253A%25252522c726477db0d60fb09623f9d679bd7df1%25252522%2525257D%26&id=802745261057&spm=a21n57.1.item.1
一水肌酸99.99%高纯度快充肌酸粉300g赠耐力爆发力运动健身力量,24.8,3万+人付款,回头客1万元气码头旗舰店,//detail.tmall.com/item.htm?id=792891863360&ns=1&abbucket=7&xxc=taobaoSearch&mi_id=0000SQA3f0kVoiRNetCZafPmpnqSIZd1xf-PGUJuXjSX9-A&skuId=5634191867606&priceTId=214780b017887048167556635e109b&utparam=%7B%22aplus_abtest%22%3A%225c6602a7904ec2016d1d087b93254dde%22%7D&spm=a21n57.1.item.2
爱兰纯一水肌酸99.99%高纯度肌酸粉300g耐力爆发力健身长增健肌肉,19.9,3万+人付款,臻补剂,//item.taobao.com/item.htm?id=835708919297&ns=1&abbucket=7&xxc=taobaoSearch&mi_id=0000wAlBWHzecR3mZUnFbc_6RNiHVTdnSKWr3CkzHPTbKy8&skuId=5823480305584&priceTId=214780b017887048167556635e109b&utparam=%7B%22aplus_abtest%22%3A%2238a022febdd85a6adc6505adade38904%22%7D&spm=a21n57.1.item.3
肌肉博士肌酸一水肌酸粉 锌镁肌酸高纯度健身运动补剂官方旗舰店,39.9,9万+人付款,肌肉博士旗舰店,//detail.tmall.com/item.htm?id=798105337288&ns=1&abbucket=7&xxc=taobaoSearch&fpChannel=101&fpChannelSig=cd3a6289d21d4bb0b4c74848ac0fc8f004515787&mi_id=0000rT1wMqG6bKPRVza_lQhF041O1kowAyB1abV-gdi0-QU&skuId=6193185059845&priceTId=214780b017887048167556635e109b&utparam=%7B%22aplus_abtest%22%3A%222abd6f3b903d16c77c7d027c0b1a7fab%22%7D&spm=a21n57.1.item.4
【爆品NO1】FoYes肌酸锌镁一水肌酸粉耐力氮泵氨基酸健身增肌补剂,63,10万+人付款,回头客2万FoYes旗舰店,//detail.tmall.com/item.htm?id=767739335818&ns=1&abbucket=7&xxc=taobaoSearch&mi_id=0000XCf5Xb9fqtljVgKw8dFOiMOD3Rre29fJREzot5JS-Ms&skuId=6205772755394&priceTId=214780b017887048167556635e109b&utparam=%7B%22aplus_abtest%22%3A%2256687430c870a1d16fd16ad9bf859659%22%7D&spm=a21n57.1.item.5
诺特兰德肌酸一水肌酸锌镁肌酸耐力爆发力运动健身补剂非氨基酸,19.66,3万+人付款,回头客3万诺特兰德官方旗舰店,//detail.tmall.com/item.htm?id=726648410223&ns=1&abbucket=7&xxc=taobaoSearch&mi_id=0000lpUIsxIj22WiARnQ2IaW9SUtib3n8zKooNvSJ2LiNvU&skuId=6286850230564&priceTId=214780b017887048167556635e109b&utparam=%7B%22aplus_abtest%22%3A%22341fc1de681cf2c7f3c2882131ce44d5%22%7D&spm=a21n57.1.item.6
食品级纯净一水肌酸纯粉健身增肌粉提高耐力长肌肉高纯度肌酸粉,13.4,2万+人付款,12年老店开心健身原料,//item.taobao.com/item.htm?id=673831634118&ns=1&abbucket=7&xxc=taobaoSearch&mi_id=0000gP4nubTCJ_4sX1jo8ykGZMMl7W7AHzBtK8KuyayanC0&skuId=4850409481986&priceTId=214780b017887048167556635e109b&utparam=%7B%22aplus_abtest%22%3A%22835693b3b6d8338f393f9678bc8d48bd%22%7D&spm=a21n57.1.item.7
训练怪兽一水肌酸运动健身训练营养补剂耐力爆发力氮泵锌镁肌酸粉,53,10万+人付款,6年老店训练怪兽旗舰店,//detail.tmall.com/item.htm?id=675874243731&ns=1&abbucket=7&xxc=taobaoSearch&mi_id=0000iJjb3RhYdrOlmQrxRiqZt4L4BbswXC585OPcKNmV5gc&skuId=6030643473818&priceTId=214780b017887048167556635e109b&utparam=%7B%22aplus_abtest%22%3A%227d7fb623f6ecc1863b286aa348cd0e60%22%7D&spm=a21n57.1.item.8
BD能量300g罐装一水肌酸粉补剂耐力运动爆发补剂非氮泵官方正品,9.9,1万+人付款,BANNYDEER旗舰店,//detail.tmall.com/item.htm?id=706666965124&ns=1&abbucket=7&xxc=taobaoSearch&mi_id=0000WqOYwOLm4BXCcZBYoUkm4Ts6I8YUj_Eo099-aE--P50&skuId=6078393249842&priceTId=214780b017887048167556635e109b&utparam=%7B%22aplus_abtest%22%3A%22ea6cd1afb3d4283f7dbfb389fb590530%22%7D&spm=a21n57.1.item.9
BD能量高纯一水肌酸粉袋装100g健身运动力量耐力爆发力非氮泵,9.9,3万+人付款,BANNYDEER旗舰店,//detail.tmall.com/item.htm?id=834771253401&ns=1&abbucket=7&xxc=taobaoSearch&mi_id=0000us77dr95L3pPuuyuP2tFadpItJYn4zNTQXd_ZAuRXhA&skuId=6298107170744&priceTId=214780b017887048167556635e109b&utparam=%7B%22aplus_abtest%22%3A%22df21bb0e98f627569bb6edd67ac78a88%22%7D&spm=a21n57.1.item.10
诺特兰德肌酸一水肌酸高纯度运动健身补剂爆发增肌非支链氨基酸,20.93,3万+人付款,回头客20万诺特兰德旗舰店,//detail.tmall.com/item.htm?id=924410229064&ns=1&abbucket=7&xxc=taobaoSearch&mi_id=0000QXT1UEk5H600FdN3zksMB5iP9-c63JzhAnbK14fuh6Y&skuId=5897201680715&priceTId=214780b017887048167556635e109b&utparam=%7B%22aplus_abtest%22%3A%22142834dc1f46184d2eadb071080fbdb0%22%7D&spm=a21n57.1.item.11
凯普锐斯KEEPMOMENT肌酸粉300g一水肌酸健身体育生爆发力耐力,19.9,8000+人付款,KEEPMOMENT旗舰店,//detail.tmall.com/item.htm?id=723279686559&ns=1&abbucket=7&xxc=taobaoSearch&mi_id=0000YToFyuLs9AkA6NcLB1RdqS9zB_GJ4Y3buwQ-Na5gNxg&skuId=5345763371925&priceTId=214780b017887048167556635e109b&utparam=%7B%22aplus_abtest%22%3A%2206882fc77807a438b67ba8a90bb3c2a0%22%7D&spm=a21n57.1.item.12
一水肌酸高纯度增肌粉袋装爆发力耐力运动健身补剂非氮泵纯肌酸粉,6.8,4000+人付款,5年老店汇生源生物科技,//item.taobao.com/item.htm?id=937439030984&ns=1&abbucket=7&xxc=taobaoSearch&mi_id=0000cF5UVkA3R66bJZ8nlQ29azMsP3_yig-llb1shXpPeoI&skuId=5865973229165&priceTId=214780b017887048167556635e109b&utparam=%7B%22aplus_abtest%22%3A%22376fb3d71e50c2e12a391957c3b7b71c%22%7D&spm=a21n57.1.item.13
磅普锌镁肌酸粉300g高纯度99.99%果味肌酸健身补剂引爆肌力非氮泵,26.8,3000+人付款,磅普食品旗舰店,//detail.tmall.com/item.htm?id=1037797426895&ns=1&abbucket=7&xxc=taobaoSearch&mi_id=0000UfBaiq18Yd3Dqcp2vmGnn-4oXaRlwbXkMlgnWg7kxhU&skuId=6056895381862&priceTId=214780b017887048167556635e109b&utparam=%7B%22aplus_abtest%22%3A%22197a9d56333e2522fe36b8096d4625c6%22%7D&spm=a21n57.1.item.14
FoYes锌镁肌酸180g一水肌酸耐力爆发力非氮泵氨基酸健身增肌粉男,48.9,1万+人付款,异彩运动营养店,//item.taobao.com/item.htm?id=919596837979&ns=1&abbucket=7&xxc=taobaoSearch&mi_id=0000H-1QJ_Mx1QIk8wDEHxI8zv99uDGRSC_Ae5DFqWZM030&skuId=6240431391264&priceTId=214780b017887048167556635e109b&utparam=%7B%22aplus_abtest%22%3A%22282f6fffa68533178b02be9a5d62157a%22%7D&spm=a21n57.1.item.17
训练怪兽一水肌酸男女肌酸运动健身训练营养补剂增耐力肌酸粉官方,53,6000+人付款,6年老店训练怪兽旗舰店,//detail.tmall.com/item.htm?id=1057940758778&ns=1&abbucket=7&xxc=taobaoSearch&mi_id=0000rq4KzzVG7y6K-2lgMrW0vMhxNcRw89jw3zaIopoT2g8&skuId=6108009292136&priceTId=214780b017887048167556635e109b&utparam=%7B%22aplus_abtest%22%3A%2283456d6cacb1d4b7e237806af514be2c%22%7D&spm=a21n57.1.item.18
肌肉博士肌酸一水肌酸粉红牛风味运动营养谷氨酰胺锌镁粉健身补剂,39.9,3万+人付款,肌肉博士旗舰店,//detail.tmall.com/item.htm?id=797919427138&ns=1&abbucket=7&xxc=taobaoSearch&mi_id=0000-3-U2Fi4VNhtNnX853uAsqWDzno5cQQepbXu1lCwZb8&skuId=5949965729098&priceTId=214780b017887048167556635e109b&utparam=%7B%22aplus_abtest%22%3A%222dfa2e29db53ff8aa4d23468848da75f%22%7D&spm=a21n57.1.item.19
一水肌酸原粉 纯肌酸粉 食品级高纯度肌酸粉健身增肌粉提高爆发力,7.71,6000+人付款,14年老店尚宏生物科技,//item.taobao.com/item.htm?id=670900610588&ns=1&abbucket=7&xxc=taobaoSearch&mi_id=0000QWnELadSdKNaJHGgrgmOOe7he3ZpBfdLGzLVY-1gBBk&skuId=4857161780844&priceTId=214780b017887048167556635e109b&utparam=%7B%22aplus_abtest%22%3A%220ac4c530290597c07e65761723717c1a%22%7D&spm=a21n57.1.item.20
诺特兰德肌酸一水肌酸正品运动健身补剂非氮泵氨基酸,19.8,2000+人付款,常乐运动补剂商城,//item.taobao.com/item.htm?id=730433180338&ns=1&abbucket=7&xxc=taobaoSearch&mi_id=0000rf_Smm8iCT_f3ErHP5B8f45bHDHErD6-rCts1RrWFEQ&skuId=5435267916609&priceTId=214780b017887048167556635e109b&utparam=%7B%22aplus_abtest%22%3A%223c901c6fd2500f3f160d067782ca6de2%22%7D&spm=a21n57.1.item.21
爱兰纯一水肌酸99.99%高纯度肌酸粉300g健身耐力爆发力非氮泵bcaa,19.9,3000+人付款,超人 补剂,//item.taobao.com/item.htm?id=676121492633&ns=1&abbucket=7&xxc=taobaoSearch&mi_id=0000wCKGDQKYJ6UvCExf8jfcYr5CxvTSlRlXAqe39O8FdRM&skuId=5189320046061&priceTId=214780b017887048167556635e109b&utparam=%7B%22aplus_abtest%22%3A%22302bd9142c999fddb55f6986a0711eaa%22%7D&spm=a21n57.1.item.22
凯普锐斯KEEP MOMENT一水肌酸粉300g高纯肌酸粉补剂健身非氮泵,19.9,1000+人付款,KEEP MOMENT企业店,//item.taobao.com/item.htm?id=708998278054&ns=1&abbucket=7&xxc=taobaoSearch&mi_id=0000O55L0U5qv-QlJF9bPnDywFXaeWqDCHD_48U6AkIAdeg&skuId=5530433009865&priceTId=214780b017887048167556635e109b&utparam=%7B%22aplus_abtest%22%3A%221ea2f9a877436fd56f63636e5ec93e11%22%7D&spm=a21n57.1.item.23
康比特炽金纯肌酸粉锌镁一水肌酸健身补剂力量爆发力耐力运动增肌,63,7000+人付款,回头客2万康比特品质店,//item.taobao.com/item.htm?id=768263999608&ns=1&abbucket=7&xxc=taobaoSearch&mi_id=0000yOykuEQGENxSXsvCjTuATBcBsODTxo6B84K4O6Z90Ug&skuId=6180798059142&priceTId=214780b017887048167556635e109b&utparam=%7B%22aplus_abtest%22%3A%22db05f478c8183a1194c8c6b584984646%22%7D&spm=a21n57.1.item.24
FoYes快充肌酸便携高纯锌镁一水肌酸耐力非氮泵健身增肌粉小袋装,7.9,4000+人付款,异彩运动营养店,//item.taobao.com/item.htm?id=918691195878&ns=1&abbucket=7&xxc=taobaoSearch&mi_id=0000CdTq97xmNyBySnHaPFYXIlTHyeLHeY2Em10TwmZintU&skuId=6292402815903&priceTId=214780b017887048167556635e109b&utparam=%7B%22aplus_abtest%22%3A%22250ba09d4d3b6759f591da39f7d8c9e3%22%7D&spm=a21n57.1.item.25
迈斯朋克一水肌酸运动健身训练营养补剂耐力爆发力氮泵锌镁肌酸粉,28.42,2000+人付款,迈斯朋克焱焱专卖店,//detail.tmall.com/item.htm?id=999382488429&ns=1&abbucket=7&xxc=taobaoSearch&mi_id=0000UmTX9rJ4A16Cs0A48RGknrq9WVK2eKxSqWC-1FxEN9w&skuId=5985210245614&priceTId=214780b017887048167556635e109b&utparam=%7B%22aplus_abtest%22%3A%220a69289d68e1c49b33b2faf762a75ba9%22%7D&spm=a21n57.1.item.26
米当卡快充肌酸高纯度一水肌酸粉耐力爆发力非氮泵氨基酸健身增肌,23.2,8000+人付款,回头客6万米当卡旗舰店,//detail.tmall.com/item.htm?id=854664203116&ns=1&abbucket=7&xxc=taobaoSearch&mi_id=0000Q3GedrTPvBgv5oWv2BjWSr2gOdHDoZxuuYJ72K6owtU&skuId=5826692263552&priceTId=214780b017887048167556635e109b&utparam=%7B%22aplus_abtest%22%3A%22174eddb4c5537007bbdbce65b07f0cda%22%7D&spm=a21n57.1.item.27
康比特锌镁肌酸粉100g高纯度肌酸速度爆发力力量运动健身营养粉,31.9,2000+人付款,异彩运动营养店,//item.taobao.com/item.htm?id=946140744606&ns=1&abbucket=7&xxc=taobaoSearch&mi_id=0000gOT7Q7lXrqI6UOjq5wfDyUiocKD6RZGOmz4eI0287jk&skuId=6279067231944&priceTId=214780b017887048167556635e109b&utparam=%7B%22aplus_abtest%22%3A%2232409086bcd5fb2cb2953bc5207906c6%22%7D&spm=a21n57.1.item.28
Myprotein 一水肌酸粉运动增肌健身训练营养补剂耐力爆发力,48.21,3000+人付款,回头客9万Myprotein海外旗舰店,//detail.tmall.com/item.htm?id=539413299568&ns=1&abbucket=7&xxc=taobaoSearch&mi_id=0000n7U3K5f2rNe3wktike-T0jhv4uurg5CcQ9CNpbMN8Dc&skuId=6128129437129&priceTId=214780b017887048167556635e109b&utparam=%7B%22aplus_abtest%22%3A%22b6faa9f9384fd56e90c3dd94e60a695f%22%7D&spm=a21n57.1.item.29
肌肉博士肌酸一水肌酸软糖便携健身训练运动增肌营养正品旗舰店,49,5000+人付款,肌肉博士旗舰店,//detail.tmall.com/item.htm?id=1049859360303&ns=1&abbucket=7&xxc=taobaoSearch&mi_id=000050LfGaJMijmg9J14Ak5Qld3yGdWINyR5zEEF_fiiYVU&skuId=6270651811617&priceTId=214780b017887048167556635e109b&utparam=%7B%22aplus_abtest%22%3A%22ef5029dccd72df49aee935fc652b3868%22%7D&spm=a21n57.1.item.30
BD必第能量一水肌酸多口味肌酸粉100g袋装爆发力耐力健身A类补剂,9.9,8000+人付款,BANNYDEER旗舰店,//detail.tmall.com/item.htm?id=856801376795&ns=1&abbucket=7&xxc=taobaoSearch&mi_id=0000L2kYURig7T5dgpmfoSgH5GET8GZ6DsdpKaia2HIXzxc&skuId=6078409473692&priceTId=214780b017887048167556635e109b&utparam=%7B%22aplus_abtest%22%3A%225d96eda31bc45fc26ab1cc1cbccc1bf6%22%7D&spm=a21n57.1.item.32
训练怪兽一水肌酸男女运动营养补剂耐力爆发力女性谷氨健身氨基酸,51,2万+人付款,回头客400万阿里健康大药房,//detail.tmall.com/item.htm?id=971325805779&ns=1&abbucket=7&xxc=taobaoSearch&mi_id=0000HrHt6Hex7aU8bTSMMfatP_0DSbKE2S9BmPvnzpKfImM&skuId=6206532770859&priceTId=214780b017887048167556635e109b&utparam=%7B%22aplus_abtest%22%3A%22f4fa51cdc39cfa84a7c58024e6be31c2%22%7D&spm=a21n57.1.item.33
HotRule一水肌酸粉锌镁肌酸粉耐力健身增肌力量非氮泵氨基酸补剂,38.41,1万+人付款,Hot Rule旗舰店,//detail.tmall.com/item.htm?id=905087865082&ns=1&abbucket=7&xxc=taobaoSearch&mi_id=0000HtsJpxbVtp-amWB9cgX0lM0AfDWIRimSdSgnN13j3Q0&skuId=6279964270703&priceTId=214780b017887048167556635e109b&utparam=%7B%22aplus_abtest%22%3A%2281c8531518d7c22548a868b06fb86931%22%7D&spm=a21n57.1.item.34
康比特肌酸锌镁一水肌酸粉耐力爆发力运动健身增肌补剂官方旗舰店,73,7万+人付款,回头客10万康比特体育科技旗舰店,//detail.tmall.com/item.htm?id=640468642224&ns=1&abbucket=7&xxc=taobaoSearch&mi_id=0000Ye_xGYGCRlnkvECfGlV4nyWmRRzkHkJBbo927tlcwIE&skuId=6248616530251&priceTId=214780b017887048167556635e109b&utparam=%7B%22aplus_abtest%22%3A%2279652b97045d3568b8900afd83c11d61%22%7D&spm=a21n57.1.item.35
元气码头一水肌酸粉男女健身运动补剂一水肌酸300克,22.8,3000+人付款,肌肉英雄运动营养,//item.taobao.com/item.htm?id=807158966777&ns=1&abbucket=7&xxc=taobaoSearch&mi_id=0000UmSoUTLD6xOGm4EfBgVBA2zAnKketfPDmNZFmjmwFXM&skuId=5570661872067&priceTId=214780b017887048167556635e109b&utparam=%7B%22aplus_abtest%22%3A%22447e17503b3a0c94f39bd8a9a6c526e0%22%7D&spm=a21n57.1.item.36
bd必第能量一水肌酸100克袋装多口味性价比99.99纯度健身运动耐力,8.9,5000+人付款,9年老店健美黑军健美补剂正品店,//item.taobao.com/item.htm?id=838200077424&ns=1&abbucket=7&xxc=taobaoSearch&mi_id=0000ncXQiQpznpKaKHThGVufIbcLK7L2urCxVO7QjguxmO8&skuId=5947452469601&priceTId=214780b017887048167556635e109b&utparam=%7B%22aplus_abtest%22%3A%2249168c6bc214fe207d8891cff628ee75%22%7D&spm=a21n57.1.item.37
UP训练怪兽一水肌酸袋装便携条装肌酸运动营养补剂耐力爆发力,17.91,1万+人付款,6年老店训练怪兽旗舰店,//detail.tmall.com/item.htm?id=843420026132&ns=1&abbucket=7&xxc=taobaoSearch&mi_id=0000cW1z_rowUadi3Fkg7r47Qe0h9hoUTTDZApbAqGOcNxs&skuId=6248018559653&priceTId=214780b017887048167556635e109b&utparam=%7B%22aplus_abtest%22%3A%2262e518357c77151668ae14dde55bd5a6%22%7D&spm=a21n57.1.item.38
99.99%欧力普一水肌酸健身运动补剂纯肌酸粉爆发肌肉非锌镁肌酸,27.9,1万+人付款,欧力普旗舰店,//detail.tmall.com/item.htm?id=811211584453&ns=1&abbucket=7&xxc=taobaoSearch&mi_id=0000yXdUtnPHELEziohKcbCYZYIaQyU3AwrU_w1__32TWVI&skuId=5987898745111&priceTId=214780b017887048167556635e109b&utparam=%7B%22aplus_abtest%22%3A%22c8807d05ab6cf0a2166396b5ec6f6867%22%7D&spm=a21n57.1.item.39
诺特兰德肌酸一水肌酸载体肌酸补剂纯肌酸粉体育生锌镁肌酸片,9.3,500+人付款,兰博运动营养,//item.taobao.com/item.htm?id=994368115528&ns=1&abbucket=7&xxc=taobaoSearch&mi_id=0000jLA73drgRkIMjZfBUriM03FFfA8Rxj4xfac6W1bEVGU&skuId=5974194908634&priceTId=214780b017887048167556635e109b&utparam=%7B%22aplus_abtest%22%3A%22ebe54c5cf3538418fa95dc1a10cef993%22%7D&spm=a21n57.1.item.40
Myprotein己能 熊猫一水肌酸健身补剂增强耐力爆发运动营养品250g,71.91,3万+人付款,回头客9万Myprotein海外旗舰店,//detail.tmall.com/item.htm?id=606699958890&ns=1&abbucket=7&xxc=taobaoSearch&mi_id=0000TvvtwE4tK8sb6veeF1mc6-sGxDGZCFiipcydnxKPSH8&skuId=6222566027276&priceTId=214780b017887048167556635e109b&utparam=%7B%22aplus_abtest%22%3A%2213a9dc39cc0fba8abc3359415bc9ba2b%22%7D&spm=a21n57.1.item.41
肌肉博士肌酸一水肌酸粉果味高纯度300g增健肌耐力爆发力运动健身,39.9,5000+人付款,9年老店AD健身补剂,//item.taobao.com/item.htm?id=764639823319&ns=1&abbucket=7&xxc=taobaoSearch&mi_id=0000idauFp7eWK-jHTupeogfFbnHqdlsGdmVrzwCPeRo6As&skuId=5749034932687&priceTId=214780b017887048167556635e109b&utparam=%7B%22aplus_abtest%22%3A%22870dff0212aef625016fff4e4038e8b0%22%7D&spm=a21n57.1.item.42
ON 奥普帝蒙 绿标一水肌酸粉100g/200g肌酸男女健身粉,69,4万+人付款,6年老店ON奥普帝蒙旗舰店,//detail.tmall.com/item.htm?id=619646208020&ns=1&abbucket=7&xxc=taobaoSearch&mi_id=0000zjCiNGXMpi9hj9OXlLJAjCiAV0B7yVj53MiH8Bp5Ezw&skuId=6241070426620&priceTId=214780b017887048167556635e109b&utparam=%7B%22aplus_abtest%22%3A%2204e2750621507134c5da1d591324927f%22%7D&spm=a21n57.1.item.43
肌肉博士肌酸粉300克一水肌酸锌镁肌酸增肌健身男女爆发耐力,39.9,5000+人付款,正品奥赛周边,//item.taobao.com/item.htm?id=674263240568&ns=1&abbucket=7&xxc=taobaoSearch&mi_id=0000qhrQnFqkLf1V2M_STOtNQfzluGIaXHgVh_pmVZW7aeY&skuId=6014694481610&priceTId=214780b017887048167556635e109b&utparam=%7B%22aplus_abtest%22%3A%22ee2a647344b03062fdaa1ec2506924db%22%7D&spm=a21n57.1.item.44
诺特兰德肌酸一水肌酸耐力爆发力运动非支链BCAA健身增肌正品,18.81,900+人付款,回头客1000万天猫超市,//detail.tmall.com/item.htm?id=743389897392&ns=1&abbucket=7&xxc=taobaoSearch&mi_id=0000tOtm4FIVNGnr1n8KT5E8rCE4TvQF9-iGIXz7EYa82a0&skuId=5125286280790&priceTId=214780b017887048167556635e109b&utparam=%7B%22aplus_abtest%22%3A%2238e526abf6018ca8e9075b7fcaa03003%22%7D&spm=a21n57.1.item.45
康比特纯一水肌酸耐力爆发增肌运动健身补剂锌镁肌酸粉官方旗舰店,73,2万+人付款,回头客10万康比特体育科技旗舰店,//detail.tmall.com/item.htm?id=595111277563&ns=1&abbucket=7&xxc=taobaoSearch&mi_id=00009ndV0ik86TvGg9kUhWYTyqJ_KySF-_v0aghgygSFuiw&skuId=6272044662052&priceTId=214780b017887048167556635e109b&utparam=%7B%22aplus_abtest%22%3A%22863d12620a010e92c268a3790ce39aa5%22%7D&spm=a21n57.1.item.46
【回购正装立减5元】FoYes快充肌酸一水锌镁肌酸粉力量耐力爆发力,6.07,8000+人付款,FoYes运动营养旗舰店,//detail.tmall.com/item.htm?id=1026752606293&ns=1&abbucket=7&xxc=taobaoSearch&mi_id=0000L6-eh3DSShop1eip2zkH4NRq2BikECb4Gnl6JhAjH5M&skuId=6203896167758&priceTId=214780b017887048167556635e109b&utparam=%7B%22aplus_abtest%22%3A%2258cb7a114d643023aaa1b916865eac79%22%7D&spm=a21n57.1.item.47
bd必第能量一水肌酸粉纯肌酸粉100g健身运动力量耐力爆发力氨基酸,9.9,1万+人付款,老伟的皇冠补剂店,//item.taobao.com/item.htm?id=845418378705&ns=1&abbucket=7&xxc=taobaoSearch&mi_id=000012GAjYWzjivhvSeZRpHZTtXcenLfXUkmJyRiuyGFxqQ&skuId=6129333545918&priceTId=214780b017887048167556635e109b&utparam=%7B%22aplus_abtest%22%3A%222468519fbd58c2aa16650a18f59f6854%22%7D&spm=a21n57.1.item.48
FoYes肌酸锌镁一水肌酸粉耐力非氮泵氨基酸健身增肌补剂旗舰正品,53,3万+人付款,回头客400万阿里健康大药房,//detail.tmall.com/item.htm?id=904795850196&ns=1&abbucket=7&xxc=taobaoSearch&mi_id=0000c4Dpxf9gDkg8IpUVfoVNGAql_f2b8UkbZaF1nZLXWIs&skuId=5953888180490&priceTId=214780b017887048167556635e109b&utparam=%7B%22aplus_abtest%22%3A%22f54e56374a1cce1889b4d0070402627b%22%7D&spm=a21n57.1.item.49
熊猫myprotein一水肌酸250粒运动健身肌酸片增肌耐力爆发力进口,140.91,800+人付款,回头客2万名人补剂,https://click.simba.taobao.com/cc_im?p=%BC%A1%CB%E1&s=807818389&k=2637&e=FjsyK7Ij8o%2FHYnnaR7oKm9gJGt3SbG6Cavd1zUJM2OLh4bZTe%2B0zuCH0Hzdw7lsb23YHpMWtq4x5AfsMpBChafSu16feWmyvkzwYakM0HAWJ3kDt%2FAC0Sqvxa5KBQoZ%2FiRrj9RRM39Ml3milCYTjUCM0NX%2F0y%2FbUcuMtnmxlga%2FJBOj0tpyJgXJCG5dUhS7di2x6Zi3LCYDJZFca2MG%2BIzEgDt7ts3cbSTjocmsfavpuo6AxBRYovCtLHllz3hDtIuGEuUlWdXL1qhrjTTwkAhB3TzPTyWdpVBxZ7AEcqeIgvEOLCh9%2BFQ8icngrXI2oAbvqo2A7ZIf%2BqAo0%2FfdgPUbkTcBp8elwf5J9oL7DVeAKYqWwuswGlBMw9op6RhuAGn9yxiK9%2B1lRHcy4lHTrxpEq8ihx507OD14YfOTIqfGTn%2BIT8FSAUubz%2B9O437ghlayTlnkppXYHLJl1C7B3H9zkuVDvroPcxVOXXBmMcKiob13Gh9dfexhVAopmrNHi4sDQkPlJR5HaPgVqdAE8XLvJ9O0Ki397WCYm5mGh34U2Ad2KpV9bHk5eKo0ZRcTSTxhRoSTgX0azOkVPTkBqenwXHJXoQbllOnsZ1OqFndrdTQV7LR1i52c4dDeuQ3qxbpXmCmG9oHCPXF6UqngPJv7lmuuE%2BeqjeTcb4c8iyV%2FSc4D3q0F%2BjhkuTUsjvuymXe07Z9hkjzEuF%2Fx4fOYJOFMXgz2FPO1Jdhe7YfbuSASLhKnk8xb0D4SWAACKXDOXpVIMVUQfnplvTSoc%2FEA8KvSF6sBB0QCci4zthP87pLPxfzquHfMwwb6KBxOkQSeMxyPKeicyE9JEh3EJFuuU%2FAC38Pa71IxBusuv50i4Z3%2BoM%2BQYZm07HaqkYttx1qUnfPKImu2YWf1%2BZNHE3IKYjqRDqiT0I20Q5ADb8JEhAgcq%2FIJdvzjvq3YXu2H27kgEk7aOvEaMKWVmpAoh2ombSmmuIl4pQT8Mvbcbw%2F7A5OnohFagC2xVx%2BR09tFDwcs7SZihLr1DflrF1CPjvqhdRdjJXsqGK3GIHIcUpN9JkrrGdAGB0EF9EXuCHBgPf6nkfvHQzIhKdjo7owEPXmtc1h4Toi6hK0M1xhB8bdPSps75si93JEQd2q7WaAv2YFKQulfRKGpCTe30y2vfkj07hENSPgtWuMHwCg5sQW55KqTOHOpxWCvr2epuFOLoViAFwbe2MwwmKe4n3tEqOdyZoUn51ir8BZaMV%2Bv42wVvmIOj3dQ1qwRnm1WZ86nwRu2W653hyZAlZdjm%2FzPkVAv1RGoPdsW8ZbbSjO7JRXg1%2BnZ%2BkNYR6dvv8NRzMNIZHf6s4y9t2Y66nfRa8ecqWHPKLRG0Vs7UtEfLhIV1cqVu3UJSy1q6X1eM17FUyYYav9YeOK%2FTYdhkj4GlEX6iAO0ajD5YfHQzkVPobYo7iYjTZ7Z8iVqx%2BRijiOmFTAT%2FPquToPGMULbXuS1REjlCOvyRgOpV1kGyTyHWvooHE6RBJ4zHI8p6JzIT0kSHcQkW65T8ALfw9rvUjEG6y6%2FnSLhnf6gz5BhmbTsdQIlcnP2BkibunCldZpuYeZ1vwDIKDbZGmiruKisz42nNuVvhsav8yU4XejuyCBkbXGCwtC5R6k2NMQl5LI5nCR%2FZZdeddAafBpgJ0hTlczFtaclzWnimTRvjS7GWxwzuZ4m1s2zSreuDRTlcyLMpOUlp7xISqt6iICWHkD1atOrspWW1dymQdG2f70TUG3mjGyBuKjtfsLW%2Fgx%2B3Qnu2ZPLadrOcP2G1uvJJjcpJVYTZQa%2FO0O%2Fd73wVbKNgzZGjvLahrb%2BwS%2BsfG8Aa9QIO0Bk%2F1Hmg9ituZt3RSSNJDi4gUfsian7WlErqZO%2FfvXayGT%2FUeaD2K24O236wFK0lWWkJbPVFnsyv8GpK9PWm5ZUyjKJhu%2BXJ1sabkUFUKMqR%2BKS7iakTl8c%2Bg73KNevTRJMwLJrljXvLwi78Uw9B3hVnckkB5NaJ%2FbsbC7LiYyqPWQMVcFW7tp2sjD2fbZWGGiEzilVoBqCwepBvNvlKb4rAHT3Ze7O7Cy8BcKVPR6f8kzAsmuWNe8sSPfrBOR%2BRtdwIWoxtgDzBYNs6%2B9VYVZFrA40krEpt0f2i1Fxnr5RbmnbxFPaQHzDCd3U3GY%2FIIW%2BAXVzLHiwewj33PTUi1JfJzSrLpTWc3Se7LWrmlaut0NwOWD2YkqT5k38FK55WYpfZagIcdhe%2BSwG%2BXPnpG8XUqUSaRFZy%2F31Rw0j7FvLfc0Sn%2BUiO%2FIRReQxU%2FEsi%2BT6scR3B7LlMBn5wtrCnC2oPncy28b%2BL38reH6cHLbD4evOn3ZBPgTcEz4LD18s7Gyf8jZx%2FzBakqJciIaVp1RHZS9DCZYViMnxGr2gPV1ooBa9yIITS0H5O668RfJrzaMvKWTlcGT2LY773oF2f5Ke5BRlWEE3cSU6srz1TqdhiSmGiwbNLMJeZ%2BReuC8gXqdHEYgtLiGgSogTR00zNzJVbaPJlu0lhSENSPgtWuMHwDd4UJZH2fefBDXomCmGaesXQM5Z%2FaGwuk2T46V3owlpgN8eBohUK7H3q6ch5iMx7jmds4bQ9nQjBrGBzjRlCTC9zEGftQtKXet5XXyg7PHQ%3D&mm_sceneid=0_0_124138803_0&a=xxc%3Dad_ztc%26mi_id%3D00003kdQ9jEEz7v8DMLwEN1NwwRDSNtgURjbRT3dh0UFNOU%26skuId%3D6293972499686%26priceTId%3D214780b017887048167556635e109b%26utparam%3D%2525257B%25252522aplus_abtest%25252522%2525253A%25252522f7d562823fff230b1eacbdbddb85b68c%25252522%2525257D%26&id=606312618222&spm=a21n57.1.item.50
美国ON奥普帝蒙欧普特蒙纯肌酸粉健身一水肌酸氮泵力量爆发力300g,103.95,2万+人付款,黑黑老大的地盘,//item.taobao.com/item.htm?id=704184813217&ns=1&abbucket=7&xxc=taobaoSearch&mi_id=0000fvlwD6GQZp_jry7-iyO_EXHCQXF31U7czDXWWcwcEMw&skuId=5250408188936&priceTId=214780b017887048167556635e109b&utparam=%7B%22aplus_abtest%22%3A%22c2422a6f3aea318486cf4259acdda87e%22%7D&spm=a21n57.1.item.51
99.8%一水肌酸健身增肌粉 提高耐力 长肌肉 高纯度一水肌酸粉包邮,25.9,0人付款,51568食品店,https://click.simba.taobao.com/cc_im?p=%BC%A1%CB%E1&s=1004871933&k=2689&e=Aa5QG1vaYp0FlJ4uEE6jiVLsmkHZAbM1SwrS7O%2B2XpVEGMW%2B%2BY%2Fk8n01qF5OQmOXScA6euO9WbT3pZC8sr7sQjqBfYW%2BjVHSYl%2BRo5y0gNLektBXESOlIJykVoiXUQMwrQFxTeaS6V%2FXDUF%2B71cP4tcfoqp2NZjLBGY8IWIjY6%2FmYORuEE6qvXYKV6%2Bkg1poH%2F7z1o46TSkf24oNlu6FUUbdxiDYBXC10fM2S0otb57l3pY92lIOKSdLESnId%2BjxJQDxnuxVkShCRySXVUknG0Rqr4HzgUcUes2%2FEP4WJhAcOZbbWWHzHh0eqDV0hKJ4kAZpqQzZtZzzH55PGb%2FBbt3zZ9GEl25B%2B494W%2BcJszvt5tS4b9%2F8GkfgOrFojZRz9hfBZJhXw%2FpEiT52VoaMkHv12Petv92wykpZnC%2FdlEIovfHhHW7cETKaiIxE6czY44IqIzlFBmFNU%2F1MMtIvJFnWcPBiF77tBhYKD7NZlgG18K8lVSXnZwojxVyCX9jxp9bwkMyTx0%2FLcG5lIzHr1461XyjpMqtKRcYhzu%2BrXRGPKDDqZ2IVMJgVv5Fy6miQroTXE8KsoSDn4UulMDIvUIgW4rI5KgBe0sNaD4v9EieLcu6zxEcDx2lSkzC3hM7i%2FhwzMNV9ftMcGF2owh418evnDJh5M1UYgw0H0XxoiXsSe53eFVhqqAeZv%2BogDa5JXn6eGZC5zkq5m%2FsJ91%2FeCBoCHzOvAR4%2FN8l8zassDt3Y0e8SoZEM1xCIu%2BxM4uxvW550d%2FhK%2BstFsUxNxU2gIP9MjvgdzGK7vxfrUwxIkXi0HEeP30alLlwevVe3Vi9xhP4yzqM6GkI2KeyA%2F7nFlRSm4qCBy%2BiEOkplG%2FvsuOYHTb4aZPvvfqfMnGtKNqzd7N5lPSmzKvvUGFNhVtP0oWiCfhZqFeGL%2ByZQoKik5sjupL5bww2NXTfJfM2rLA7diql%2FZkmrbR0ZwoqRx5c4E%2BGAR6jFM1uWw3A6Ac8obNdbBWJo%2Fc%2FHOgVR4S256TcjB2%2BzRoUxWkuWz6IwwJHr1rspZslh1ypTs6wM%2FR%2BhkgnJwXaTdbedqYONza6S49KRG%2F1Mt%2FyuYOTX2%2BLxjEND3Bo9IJtIxfRwhi2f715IAc2OwpiAPGjuIhCAZtECmn70uFOWoXdNOls6rDTmFk%2BfNpm5NS6FeJq3RPcJmry3n8rHVZY9PbTYjXnXHXVEqKKeoH8R1xMSjziEn5qzTgL9NbAkVgN0DsYbTdyognYyLyJQqXvgLGeuD8zuka9gLurF6Df4g%2FliVJ9msdMAR8cwrict3I3MW8dx100e0MRxt2HvN2lbCY35HyfNyl%2FHDfNq7Mnb%2BoIjQeKJtGcOGb4QWw7aV7ZV5RrpjQSSZW%2BRxa0M5kidBpX6KUr26h5g3QpcedxTY%2BA7NemuzdWG%2BtyvHeqLRx1rA%2BkZVpiuxpOZkdAK1PTs9RlGPoao8QRgC9rmQv4uLrdpreKP%2B98zRtGeW6qUM%2Bmo6CdW9rjVSsez57Lh5gT1GgW3BXQmt0xbNIqfyDhDSpYeV%2BmBwV6%2BP6EhnRv0kmzhGGbTkNR3d2GswTXv14pYaHhyTg5zaYNLT4q7RSlwpnwrn%2FIxE1aRHiXJX%2BiYYufbIRqdjOemsoidi5eWWO5wVLFEOcnSLA9eyKJEuHR7Hu5%2B6Ju8ttfla%2F9%2FxiyTLAhS%2F45ZAg6VxgZntDpEfsH1K%2Flx0bNAorJ%2FQrS9qJJQibGNV6jxWBrMjCW%2B9lChYkCHaUldlF8K05fYJ2x7xRGFsfx5tNcrCYCAQwt%2BqBRiO4Vk4DsE7u3LETBMjjqfzs25r%2BH4L6LJxYmrn8AbnE%2Bt%2FnFtO1bO6oKp756A6cmtWIeGAqV9kLNbd%2FO6e5P03UAbFZ%2BJbxWzO3hQW37pya1Yh4YCpX2Qs1t387p7AsifiZSeBJWIsVzOeegi8yiChI56%2FKpGLi22sg9ED8zgF9f3hdUOhipdS9UkJPyjGftAYUDaugNZy9QMR9KsquwXkfRrecGg6Rx8cRR%2FQY4UsPY8bN2oOST%2FYzYivxWkH5zfMxl5LwPDZrD615W8y6MBEX9LPQG1uQxoj2fCEjuTvUo3vZWDAATLLaMeNGMaECWuq%2B50f3cDUOBAW5enTEu12bEYaBUqzMedFOVQdttvKAYvcKSihplBZMLdgcYQToqxoEgj0b%2ByiH9Naz%2Fy4DjZBvVtEsNcSF435tQsGTkjJmAhAWslLZZHtAO5IKmGR7vLP6tfggu%2FV4Q%2BxICK2HPW2BlYnehN%2FDyfZPQVuMznGbuWcslt%2BaLtlxEgo3WCqm1l7UWOfFMG4SvyAUuNdPaIEsvfSlEeTK8SdAqET%2F0%2Bm%2F%2F1WBrekNlBppvHJoA2sVKYRjy2AzFHj1cBEDElF3ZznBkCNQYoOYCkd4%2BJRShEKcLeXtVzPbrH6N0J5jB7FKbioIHL6IRlHscWQS%2FWSNpqW14lLyTgz%2B3JRSsZQlg8HaKhsRCXSX5zHst9MFTAn91Y%2FRUw7m5QTm2%2B5ZQjSazRvADEeQe8dwQtVeE0ITIEp5aC9J90RZtvcAbp2lfJ%2B5eZTYU79NnUWJZzvUm%2BNI6eIYGtUYDJ3QxrwAh1%2F9%2FvGQA6x5y9vY%2Bp5%2B7kTXjayRnsnESxQDzjDWJL4al3RauCx66qQAGhoKWMBdmTVIcXbryXjrG%2BicKgiKhoi1nO&mm_sceneid=1_0_4092783227_0&a=xxc%3Dad_ztc%26mi_id%3D00008I0eMrpg4NoIMahkeZSPqWDh4vfFkvNZX07g70WZevo%26skuId%3D5141879666010%26priceTId%3D214780b017887048272097124e109b%26utparam%3D%2525257B%25252522aplus_abtest%25252522%2525253A%252525221243af77df907a3ae69f4250833772f5%25252522%2525257D%26&id=707726133034&spm=a21n57.1.item.1
一水肌酸99.99%高纯度快充肌酸粉300g赠耐力爆发力运动健身力量,24.8,3万+人付款,回头客1万元气码头旗舰店,//detail.tmall.com/item.htm?id=792891863360&ns=1&abbucket=7&xxc=taobaoSearch&mi_id=0000SQA3f0kVoiRNetCZafPmpv0S9oy7IYRK7jhfZd7S6gs&skuId=5634191867606&priceTId=214780b017887048272097124e109b&utparam=%7B%22aplus_abtest%22%3A%2294b575b28177bf77ce39149b095fa990%22%7D&spm=a21n57.1.item.2
爱兰纯一水肌酸99.99%高纯度肌酸粉300g耐力爆发力健身长增健肌肉,19.9,3万+人付款,臻补剂,//item.taobao.com/item.htm?id=835708919297&ns=1&abbucket=7&xxc=taobaoSearch&mi_id=0000wAlBWHzecR3mZUnFbc_6REWwhLzItaEPAOG6-sg1Rlk&skuId=5823480305584&priceTId=214780b017887048272097124e109b&utparam=%7B%22aplus_abtest%22%3A%22507bcf91d97f6363f966ce88cbdd0764%22%7D&spm=a21n57.1.item.3
肌肉博士肌酸一水肌酸粉 锌镁肌酸高纯度健身运动补剂官方旗舰店,39.9,9万+人付款,肌肉博士旗舰店,//detail.tmall.com/item.htm?id=798105337288&ns=1&abbucket=7&xxc=taobaoSearch&fpChannel=101&fpChannelSig=cd3a6289d21d4bb0b4c74848ac0fc8f004515787&mi_id=0000rT1wMqG6bKPRVza_lQhF0_cv5QxrYra03JzuML1EHDA&skuId=6193185059845&priceTId=214780b017887048272097124e109b&utparam=%7B%22aplus_abtest%22%3A%22422ccb8522f0f2f3433220f0aa3125b6%22%7D&spm=a21n57.1.item.4
肌肉博士肌酸一水肌酸粉高纯度健身运动营养食品官方旗舰店正品,39.9,4万+人付款,肌肉博士旗舰店,//detail.tmall.com/item.htm?id=802745261057&ns=1&abbucket=7&xxc=taobaoSearch&mi_id=0000ppRQtFfQQK3ygcR5d5j0Frr8fAs4hdIKdQXWIfAPAjA&skuId=5979996224775&priceTId=214780b017887048272097124e109b&utparam=%7B%22aplus_abtest%22%3A%2211b0d7add2ed7421696ec72a8fc53f90%22%7D&spm=a21n57.1.item.5
【爆品NO1】FoYes肌酸锌镁一水肌酸粉耐力氮泵氨基酸健身增肌补剂,63,10万+人付款,回头客2万FoYes旗舰店,//detail.tmall.com/item.htm?id=767739335818&ns=1&abbucket=7&xxc=taobaoSearch&mi_id=0000XCf5Xb9fqtljVgKw8dFOiD1tvhX4uZy71_HFEvmP4yg&skuId=6205772755394&priceTId=214780b017887048272097124e109b&utparam=%7B%22aplus_abtest%22%3A%22259d961bfac2a7d8f14c6bb144a438d5%22%7D&spm=a21n57.1.item.6
训练怪兽一水肌酸运动健身训练营养补剂耐力爆发力氮泵锌镁肌酸粉,53,10万+人付款,6年老店训练怪兽旗舰店,//detail.tmall.com/item.htm?id=675874243731&ns=1&abbucket=7&xxc=taobaoSearch&mi_id=0000iJjb3RhYdrOlmQrxRiqZt66-VP5YF4AFNrIneWCWN6A&skuId=6030643473818&priceTId=214780b017887048272097124e109b&utparam=%7B%22aplus_abtest%22%3A%221c828b726c9dc7a7b4c1a39fd4b64469%22%7D&spm=a21n57.1.item.7
诺特兰德肌酸一水肌酸锌镁肌酸耐力爆发力运动健身补剂非氨基酸,19.66,3万+人付款,回头客3万诺特兰德官方旗舰店,//detail.tmall.com/item.htm?id=726648410223&ns=1&abbucket=7&xxc=taobaoSearch&mi_id=0000lpUIsxIj22WiARnQ2IaW9Sa--lPvN-iVPChC7cA31tM&skuId=6286850230564&priceTId=214780b017887048272097124e109b&utparam=%7B%22aplus_abtest%22%3A%22bb9de0bf0ddc6245cb7cb29dbb406522%22%7D&spm=a21n57.1.item.8
BD能量高纯一水肌酸粉袋装100g健身运动力量耐力爆发力非氮泵,9.9,3万+人付款,BANNYDEER旗舰店,//detail.tmall.com/item.htm?id=834771253401&ns=1&abbucket=7&xxc=taobaoSearch&mi_id=0000us77dr95L3pPuuyuP2tFaTrdtk7XaBRTQVSeRS8d9j0&skuId=6298107170744&priceTId=214780b017887048272097124e109b&utparam=%7B%22aplus_abtest%22%3A%22b7c31307a44a610d86d2812888958261%22%7D&spm=a21n57.1.item.9
BD能量300g罐装一水肌酸粉补剂耐力运动爆发补剂非氮泵官方正品,9.9,1万+人付款,BANNYDEER旗舰店,//detail.tmall.com/item.htm?id=706666965124&ns=1&abbucket=7&xxc=taobaoSearch&mi_id=0000WqOYwOLm4BXCcZBYoUkm4QCQQ5-BLUAfWZwReFQow9I&skuId=6078393249842&priceTId=214780b017887048272097124e109b&utparam=%7B%22aplus_abtest%22%3A%2241705ae6cc449f6e725f72a87b4c54dd%22%7D&spm=a21n57.1.item.10
凯普锐斯KEEPMOMENT肌酸粉300g一水肌酸健身体育生爆发力耐力,19.9,8000+人付款,KEEPMOMENT旗舰店,//detail.tmall.com/item.htm?id=723279686559&ns=1&abbucket=7&xxc=taobaoSearch&mi_id=0000YToFyuLs9AkA6NcLB1RdqUly_Y6_xVZr6_bIhsMwuWs&skuId=5345763371925&priceTId=214780b017887048272097124e109b&utparam=%7B%22aplus_abtest%22%3A%22a2845054409eb82a996eee45ea5a70c7%22%7D&spm=a21n57.1.item.11
诺特兰德肌酸一水肌酸高纯度运动健身补剂爆发增肌非支链氨基酸,20.93,3万+人付款,回头客20万诺特兰德旗舰店,//detail.tmall.com/item.htm?id=924410229064&ns=1&abbucket=7&xxc=taobaoSearch&mi_id=0000QXT1UEk5H600FdN3zksMBx3bDs9SO3W3RCK15URSNHU&skuId=5897201680715&priceTId=214780b017887048272097124e109b&utparam=%7B%22aplus_abtest%22%3A%22e5cd6c8b2c2d7df061fedbc16c43db34%22%7D&spm=a21n57.1.item.12
一水肌酸高纯度增肌粉袋装爆发力耐力运动健身补剂非氮泵纯肌酸粉,6.8,4000+人付款,5年老店汇生源生物科技,//item.taobao.com/item.htm?id=937439030984&ns=1&abbucket=7&xxc=taobaoSearch&mi_id=0000cF5UVkA3R66bJZ8nlQ29a1phoH8dDk09Bkf66cAqLUg&skuId=5865973229165&priceTId=214780b017887048272097124e109b&utparam=%7B%22aplus_abtest%22%3A%22c6d72c57ee7d109110343deab53e1c8d%22%7D&spm=a21n57.1.item.13
食品级纯净一水肌酸纯粉健身增肌粉提高耐力长肌肉高纯度肌酸粉,13.4,2万+人付款,12年老店开心健身原料,//item.taobao.com/item.htm?id=673831634118&ns=1&abbucket=7&xxc=taobaoSearch&mi_id=0000gP4nubTCJ_4sX1jo8ykGZKGVRl-Qct5huAqTKbgzvbE&skuId=4850409481986&priceTId=214780b017887048272097124e109b&utparam=%7B%22aplus_abtest%22%3A%222ab8fe9c6d1979bedf9b714e9f1cf13c%22%7D&spm=a21n57.1.item.14
训练怪兽一水肌酸男女肌酸运动健身训练营养补剂增耐力肌酸粉官方,53,6000+人付款,6年老店训练怪兽旗舰店,//detail.tmall.com/item.htm?id=1057940758778&ns=1&abbucket=7&xxc=taobaoSearch&mi_id=0000rq4KzzVG7y6K-2lgMrW0vM_dL3EpTXDZVTwTrI406yQ&skuId=6108009292136&priceTId=214780b017887048272097124e109b&utparam=%7B%22aplus_abtest%22%3A%2246080bb15bb4ebc912f1d19150a3ab6b%22%7D&spm=a21n57.1.item.17
康比特炽金纯肌酸粉锌镁一水肌酸健身补剂力量爆发力耐力运动增肌,63,7000+人付款,回头客2万康比特品质店,//item.taobao.com/item.htm?id=768263999608&ns=1&abbucket=7&xxc=taobaoSearch&mi_id=0000yOykuEQGENxSXsvCjTuATORmGV_pMGZM_JcpGeGKz-Y&skuId=6180798059142&priceTId=214780b017887048272097124e109b&utparam=%7B%22aplus_abtest%22%3A%2213e16a1add9a81040e9a233f2628e0e0%22%7D&spm=a21n57.1.item.18
肌肉博士肌酸一水肌酸粉红牛风味运动营养谷氨酰胺锌镁粉健身补剂,39.9,3万+人付款,肌肉博士旗舰店,//detail.tmall.com/item.htm?id=797919427138&ns=1&abbucket=7&xxc=taobaoSearch&mi_id=0000-3-U2Fi4VNhtNnX853uAsrRgr7lQNJ96i-YzRrdXmvU&skuId=5949965729098&priceTId=214780b017887048272097124e109b&utparam=%7B%22aplus_abtest%22%3A%2275a2f3bdc63a52fb04b694ef10e362db%22%7D&spm=a21n57.1.item.19
FoYes锌镁肌酸180g一水肌酸耐力爆发力非氮泵氨基酸健身增肌粉男,48.9,1万+人付款,异彩运动营养店,//item.taobao.com/item.htm?id=919596837979&ns=1&abbucket=7&xxc=taobaoSearch&mi_id=0000H-1QJ_Mx1QIk8wDEHxI8zr5h7Lsja-znEGgyBnyUK4o&skuId=6240431391264&priceTId=214780b017887048272097124e109b&utparam=%7B%22aplus_abtest%22%3A%22f42f08df298dd70165127f53226b6839%22%7D&spm=a21n57.1.item.20
磅普锌镁肌酸粉300g高纯度99.99%果味肌酸健身补剂引爆肌力非氮泵,26.8,3000+人付款,磅普食品旗舰店,//detail.tmall.com/item.htm?id=1037797426895&ns=1&abbucket=7&xxc=taobaoSearch&mi_id=0000UfBaiq18Yd3Dqcp2vmGnn0vA_8x9xtdWOm5XAQxKXwU&skuId=6056895381862&priceTId=214780b017887048272097124e109b&utparam=%7B%22aplus_abtest%22%3A%22ebe97cd912fa936d98ea86fbdb9d94fa%22%7D&spm=a21n57.1.item.21
一水肌酸原粉 纯肌酸粉 食品级高纯度肌酸粉健身增肌粉提高爆发力,7.71,6000+人付款,14年老店尚宏生物科技,//item.taobao.com/item.htm?id=670900610588&ns=1&abbucket=7&xxc=taobaoSearch&mi_id=0000QWnELadSdKNaJHGgrgmOOdmmIKnMTO9dGYw8eRctv7A&skuId=4857161780844&priceTId=214780b017887048272097124e109b&utparam=%7B%22aplus_abtest%22%3A%220cbcfb111dde37daedac01787dea9699%22%7D&spm=a21n57.1.item.22
肌肉博士肌酸一水肌酸软糖便携健身训练运动增肌营养正品旗舰店,49,5000+人付款,肌肉博士旗舰店,//detail.tmall.com/item.htm?id=1049859360303&ns=1&abbucket=7&xxc=taobaoSearch&mi_id=000050LfGaJMijmg9J14Ak5QlY4uhWSsJgAGaLPBpmNRjHo&skuId=6270651811617&priceTId=214780b017887048272097124e109b&utparam=%7B%22aplus_abtest%22%3A%224056eac2daff413c5d8392db035d0f4c%22%7D&spm=a21n57.1.item.23
诺特兰德肌酸一水肌酸正品运动健身补剂非氮泵氨基酸,19.8,2000+人付款,常乐运动补剂商城,//item.taobao.com/item.htm?id=730433180338&ns=1&abbucket=7&xxc=taobaoSearch&mi_id=0000rf_Smm8iCT_f3ErHP5B8f4FFf6gF4GKvyVrOTrjJoZc&skuId=5435267916609&priceTId=214780b017887048272097124e109b&utparam=%7B%22aplus_abtest%22%3A%22ceaea9c467550644ff623be869483e63%22%7D&spm=a21n57.1.item.24
FoYes快充肌酸便携高纯锌镁一水肌酸耐力非氮泵健身增肌粉小袋装,7.9,4000+人付款,异彩运动营养店,//item.taobao.com/item.htm?id=918691195878&ns=1&abbucket=7&xxc=taobaoSearch&mi_id=0000CdTq97xmNyBySnHaPFYXIjriA56EHt-lKhlHQt0A4gE&skuId=6292402815903&priceTId=214780b017887048272097124e109b&utparam=%7B%22aplus_abtest%22%3A%229083cfe98bb6ee9fbba15598eb676cc8%22%7D&spm=a21n57.1.item.25
诺特兰德肌酸一水肌酸载体肌酸补剂纯肌酸粉体育生锌镁肌酸片,9.3,500+人付款,兰博运动营养,//item.taobao.com/item.htm?id=994368115528&ns=1&abbucket=7&xxc=taobaoSearch&mi_id=0000jLA73drgRkIMjZfBUriM03FMqLm0qLmachpamD3gUxI&skuId=5974194908634&priceTId=214780b017887048272097124e109b&utparam=%7B%22aplus_abtest%22%3A%220ca1fa29099638a6ebb47c2c9f0f2217%22%7D&spm=a21n57.1.item.26
米当卡快充肌酸高纯度一水肌酸粉耐力爆发力非氮泵氨基酸健身增肌,23.2,8000+人付款,回头客6万米当卡旗舰店,//detail.tmall.com/item.htm?id=854664203116&ns=1&abbucket=7&xxc=taobaoSearch&mi_id=0000Q3GedrTPvBgv5oWv2BjWSrkvf03YSWiGisx2-rTWxUU&skuId=5826692263552&priceTId=214780b017887048272097124e109b&utparam=%7B%22aplus_abtest%22%3A%2285d79dbbe9892a9df8442f51bbf2c29d%22%7D&spm=a21n57.1.item.27
康比特锌镁肌酸粉100g高纯度肌酸速度爆发力力量运动健身营养粉,31.9,2000+人付款,异彩运动营养店,//item.taobao.com/item.htm?id=946140744606&ns=1&abbucket=7&xxc=taobaoSearch&mi_id=0000gOT7Q7lXrqI6UOjq5wfDycrSpfG8XHllzyqOoVvdK9A&skuId=6279067231944&priceTId=214780b017887048272097124e109b&utparam=%7B%22aplus_abtest%22%3A%221ccb791cb74a1844184f2086e870ad23%22%7D&spm=a21n57.1.item.28
Myprotein 一水肌酸粉运动增肌健身训练营养补剂耐力爆发力,48.21,3000+人付款,回头客9万Myprotein海外旗舰店,//detail.tmall.com/item.htm?id=539413299568&ns=1&abbucket=7&xxc=taobaoSearch&mi_id=0000n7U3K5f2rNe3wktike-T0omGGkp7y_EzMLMUacaD6mA&skuId=6128129437129&priceTId=214780b017887048272097124e109b&utparam=%7B%22aplus_abtest%22%3A%22ff68c6324b4bc591180cd555473b9c6c%22%7D&spm=a21n57.1.item.29
爱兰纯一水肌酸99.99%高纯度肌酸粉300g健身耐力爆发力非氮泵bcaa,19.9,3000+人付款,超人 补剂,//item.taobao.com/item.htm?id=676121492633&ns=1&abbucket=7&xxc=taobaoSearch&mi_id=0000wCKGDQKYJ6UvCExf8jfcYp_vFYvyFYmocVKbP7zfeqA&skuId=5189320046061&priceTId=214780b017887048272097124e109b&utparam=%7B%22aplus_abtest%22%3A%220b9fff35e94bf7fd8c7d9215e1e2a2a1%22%7D&spm=a21n57.1.item.30
凯普锐斯KEEP MOMENT一水肌酸粉300g高纯肌酸粉补剂健身非氮泵,19.9,1000+人付款,KEEP MOMENT企业店,//item.taobao.com/item.htm?id=708998278054&ns=1&abbucket=7&xxc=taobaoSearch&mi_id=0000O55L0U5qv-QlJF9bPnDywMSmCclQdixOnObA5QW9jWM&skuId=5530433009865&priceTId=214780b017887048272097124e109b&utparam=%7B%22aplus_abtest%22%3A%2232f2d7d08db0ba31c3ec4960565ee4a5%22%7D&spm=a21n57.1.item.32
HotRule一水肌酸粉锌镁肌酸粉耐力健身增肌力量非氮泵氨基酸补剂,38.41,1万+人付款,Hot Rule旗舰店,//detail.tmall.com/item.htm?id=905087865082&ns=1&abbucket=7&xxc=taobaoSearch&mi_id=0000HtsJpxbVtp-amWB9cgX0lAr1vFbadOMoQ9jUoyhq1Y4&skuId=6279964270703&priceTId=214780b017887048272097124e109b&utparam=%7B%22aplus_abtest%22%3A%223338ed4dd56935c96a31d418250eeb61%22%7D&spm=a21n57.1.item.33
bd必第能量一水肌酸粉纯肌酸粉100g健身运动力量耐力爆发力氨基酸,9.9,1万+人付款,老伟的皇冠补剂店,//item.taobao.com/item.htm?id=845418378705&ns=1&abbucket=7&xxc=taobaoSearch&mi_id=000012GAjYWzjivhvSeZRpHZThUAJj2CdUHWj5KkAzdoPYk&skuId=6129333545918&priceTId=214780b017887048272097124e109b&utparam=%7B%22aplus_abtest%22%3A%22941951f06498c3742e2f34878fccf7f2%22%7D&spm=a21n57.1.item.34
UP训练怪兽一水肌酸袋装便携条装肌酸运动营养补剂耐力爆发力,17.91,1万+人付款,6年老店训练怪兽旗舰店,//detail.tmall.com/item.htm?id=843420026132&ns=1&abbucket=7&xxc=taobaoSearch&mi_id=0000cW1z_rowUadi3Fkg7r47QVmBvlPeLdPHyw64ISIb70c&skuId=6248018559653&priceTId=214780b017887048272097124e109b&utparam=%7B%22aplus_abtest%22%3A%22ea61af02899f4cbeb7c59c7dc639d93c%22%7D&spm=a21n57.1.item.35
康比特肌酸锌镁一水肌酸粉耐力爆发力运动健身增肌补剂官方旗舰店,73,7万+人付款,回头客10万康比特体育科技旗舰店,//detail.tmall.com/item.htm?id=640468642224&ns=1&abbucket=7&xxc=taobaoSearch&mi_id=0000Ye_xGYGCRlnkvECfGlV4n1xEimxhwFI04NLlwAiI9cg&skuId=6248616530251&priceTId=214780b017887048272097124e109b&utparam=%7B%22aplus_abtest%22%3A%221af84327e8e2cf204913353f9cc68f3f%22%7D&spm=a21n57.1.item.36
元气码头一水肌酸粉男女健身运动补剂一水肌酸300克,22.8,3000+人付款,肌肉英雄运动营养,//item.taobao.com/item.htm?id=807158966777&ns=1&abbucket=7&xxc=taobaoSearch&mi_id=0000UmSoUTLD6xOGm4EfBgVBA7WqMlMNk3byU68lxVQOSvk&skuId=5570661872067&priceTId=214780b017887048272097124e109b&utparam=%7B%22aplus_abtest%22%3A%22bb39bb66b0333c26df87308debca40bd%22%7D&spm=a21n57.1.item.37
Myprotein己能 熊猫一水肌酸健身补剂增强耐力爆发运动营养品250g,71.91,3万+人付款,回头客9万Myprotein海外旗舰店,//detail.tmall.com/item.htm?id=606699958890&ns=1&abbucket=7&xxc=taobaoSearch&mi_id=0000TvvtwE4tK8sb6veeF1mc6z_3G98LJeatIb-gc8xxrHA&skuId=6222566027276&priceTId=214780b017887048272097124e109b&utparam=%7B%22aplus_abtest%22%3A%222479097ca9029d913cb61b80b33e4732%22%7D&spm=a21n57.1.item.38
训练怪兽一水肌酸男女运动营养补剂耐力爆发力女性谷氨健身氨基酸,51,2万+人付款,回头客400万阿里健康大药房,//detail.tmall.com/item.htm?id=971325805779&ns=1&abbucket=7&xxc=taobaoSearch&mi_id=0000HrHt6Hex7aU8bTSMMfatP_cBR3-iP8QmtfsPumWS7Pg&skuId=6206532770859&priceTId=214780b017887048272097124e109b&utparam=%7B%22aplus_abtest%22%3A%22dbcabb6a8aa3bb435a086f244f9554d3%22%7D&spm=a21n57.1.item.39
肌肉博士肌酸粉300克一水肌酸锌镁肌酸增肌健身男女爆发耐力,39.9,5000+人付款,正品奥赛周边,//item.taobao.com/item.htm?id=674263240568&ns=1&abbucket=7&xxc=taobaoSearch&mi_id=0000qhrQnFqkLf1V2M_STOtNQSCRM3a8BR0kz7GKYt8hts4&skuId=6014694481610&priceTId=214780b017887048272097124e109b&utparam=%7B%22aplus_abtest%22%3A%22ee80fb739151191421a7754d5dfda03e%22%7D&spm=a21n57.1.item.40
诺特兰德肌酸一水肌酸耐力爆发力运动非支链BCAA健身增肌正品,18.81,900+人付款,回头客1000万天猫超市,//detail.tmall.com/item.htm?id=743389897392&ns=1&abbucket=7&xxc=taobaoSearch&mi_id=0000tOtm4FIVNGnr1n8KT5E8rNef4dR7yoGbSt0evCSkXuo&skuId=5125286280790&priceTId=214780b017887048272097124e109b&utparam=%7B%22aplus_abtest%22%3A%224d2b747929f9aef7d37a79410a172814%22%7D&spm=a21n57.1.item.41
康比特纯一水肌酸耐力爆发增肌运动健身补剂锌镁肌酸粉官方旗舰店,73,2万+人付款,回头客10万康比特体育科技旗舰店,//detail.tmall.com/item.htm?id=595111277563&ns=1&abbucket=7&xxc=taobaoSearch&mi_id=00009ndV0ik86TvGg9kUhWYTyhRwwEjdIQgIcyi3_ob04pM&skuId=6272044662052&priceTId=214780b017887048272097124e109b&utparam=%7B%22aplus_abtest%22%3A%228a6887fcfd9a054f8aad3e79e51566a8%22%7D&spm=a21n57.1.item.42
ON 奥普帝蒙 绿标一水肌酸粉100g/200g肌酸男女健身粉,69,4万+人付款,6年老店ON奥普帝蒙旗舰店,//detail.tmall.com/item.htm?id=619646208020&ns=1&abbucket=7&xxc=taobaoSearch&mi_id=0000zjCiNGXMpi9hj9OXlLJAjB7lqtLSw5E0eh8zKbHF2BM&skuId=6241070426620&priceTId=214780b017887048272097124e109b&utparam=%7B%22aplus_abtest%22%3A%228265ea273b5c33811697ec6730caebfd%22%7D&spm=a21n57.1.item.43
【回购正装立减5元】FoYes快充肌酸一水锌镁肌酸粉力量耐力爆发力,6.07,8000+人付款,FoYes运动营养旗舰店,//detail.tmall.com/item.htm?id=1026752606293&ns=1&abbucket=7&xxc=taobaoSearch&mi_id=0000L6-eh3DSShop1eip2zkH4Iz72iMVEX7IlzhhukMVYKk&skuId=6203896167758&priceTId=214780b017887048272097124e109b&utparam=%7B%22aplus_abtest%22%3A%225662646fd9fa67af551c06f564985474%22%7D&spm=a21n57.1.item.44
迈斯朋克一水肌酸运动健身训练营养补剂耐力爆发力氮泵锌镁肌酸粉,28.42,2000+人付款,迈斯朋克焱焱专卖店,//detail.tmall.com/item.htm?id=999382488429&ns=1&abbucket=7&xxc=taobaoSearch&mi_id=0000UmTX9rJ4A16Cs0A48RGkngN0O_g7LmyoVyeYgo_skWU&skuId=5985210245614&priceTId=214780b017887048272097124e109b&utparam=%7B%22aplus_abtest%22%3A%22f61fdd2ed18c08044561916640edbd7a%22%7D&spm=a21n57.1.item.45
FoYes肌酸锌镁一水肌酸粉耐力非氮泵氨基酸健身增肌补剂旗舰正品,53,3万+人付款,回头客400万阿里健康大药房,//detail.tmall.com/item.htm?id=904795850196&ns=1&abbucket=7&xxc=taobaoSearch&mi_id=0000c4Dpxf9gDkg8IpUVfoVNGG7FmWINRtQmQ5Q9OZBgQIw&skuId=5953888180490&priceTId=214780b017887048272097124e109b&utparam=%7B%22aplus_abtest%22%3A%22db78358695ed11307c6be9efb31c4755%22%7D&spm=a21n57.1.item.46
肌肉博士肌酸一水肌酸粉果味高纯度300g增健肌耐力爆发力运动健身,39.9,5000+人付款,9年老店AD健身补剂,//item.taobao.com/item.htm?id=764639823319&ns=1&abbucket=7&xxc=taobaoSearch&mi_id=0000idauFp7eWK-jHTupeogfFf8zOHGAP6PrNAzSaeLeacA&skuId=5749034932687&priceTId=214780b017887048272097124e109b&utparam=%7B%22aplus_abtest%22%3A%22c2fe6f92154de8c91a2880f41792a0a6%22%7D&spm=a21n57.1.item.47
myprotein熊猫纯一水肌酸健身运动学生爆发力耐力非氮泵英国进口,47.9,6000+人付款,乘峰运动,//item.taobao.com/item.htm?id=940502786517&ns=1&abbucket=7&xxc=taobaoSearch&mi_id=0000-L97MbUNKKOld1fXnZokiW4WOZkIWrxK14m-EhOSIWM&skuId=6004730102861&priceTId=214780b017887048272097124e109b&utparam=%7B%22aplus_abtest%22%3A%2251539233fad69f35c975d9ab4bebbe9d%22%7D&spm=a21n57.1.item.48
美国ON奥普帝蒙欧普特蒙纯肌酸粉健身一水肌酸氮泵力量爆发力300g,103.95,2万+人付款,黑黑老大的地盘,//item.taobao.com/item.htm?id=704184813217&ns=1&abbucket=7&xxc=taobaoSearch&mi_id=0000fvlwD6GQZp_jry7-iyO_Ea33E7xMA8esaRUor6ZQBMM&skuId=5250408188936&priceTId=214780b017887048272097124e109b&utparam=%7B%22aplus_abtest%22%3A%22107e302a5d827e31b799f77282be5c37%22%7D&spm=a21n57.1.item.49
BD必第能量一水肌酸多口味肌酸粉100g袋装爆发力耐力健身A类补剂,9.9,8000+人付款,BANNYDEER旗舰店,//detail.tmall.com/item.htm?id=856801376795&ns=1&abbucket=7&xxc=taobaoSearch&mi_id=0000L2kYURig7T5dgpmfoSgH5IC7rY3kU8y9t-7zqnyAZRU&skuId=6078409473692&priceTId=214780b017887048272097124e109b&utparam=%7B%22aplus_abtest%22%3A%2241a014a410231da0be8d3299ea248b41%22%7D&spm=a21n57.1.item.50
bd必第能量一水肌酸100克袋装多口味性价比99.99纯度健身运动耐力,8.9,5000+人付款,9年老店健美黑军健美补剂正品店,//item.taobao.com/item.htm?id=838200077424&ns=1&abbucket=7&xxc=taobaoSearch&mi_id=0000ncXQiQpznpKaKHThGVufIS0vUHOiRAj_2s2UhSsF70Y&skuId=5947452469601&priceTId=214780b017887048272097124e109b&utparam=%7B%22aplus_abtest%22%3A%22ebb62893bb2e6de2772c30da3ed97799%22%7D&spm=a21n57.1.item.51
一水肌酸粉运动营养食品速度力量类肌酸粉氨基酸健身训练营养补给,17.6,0人付款,运动健身原料,https://click.simba.taobao.com/cc_im?p=%BC%A1%CB%E1&s=277104016&k=2701&e=egLe6xJfSK7%2F5N6TioHHxxseb%2FBa5knD4OAL0KTwsZn2D03yJj70GXSTBSTD2H6PRi2aysKuO3GqbVOM1ZPWkyCE61lEabHVYVh7QZZfPKs%2FCezCIxym32P2k5GCLNNNjAcbIpi1%2Bg06H7hsVAWl7oG0zQHT7EiGC8SfGchHAM8nqeld47sG0N59f4nf102%2BxB3IIuY4Hpw%2BrBGAx2lwDldOGJPVCC7mZMCaQPodAcOcTOn0QL9ws23qGNtTwPXitvqlnH%2FVrYr2iCJJqgQYiO%2BBEodA4n3Qs7PII%2FLDLAw8519gKJDinwmjDDhNPfBZfUoESUKqH0jlngEe7KcCpsa8x4EnZ%2FVjWKKgERuTicDliGc9oCFI%2B5Et5or1Li9P%2FhY8JuTqILLz4sx47ItiMyWO4rukPcjOfiTL3rp5gQSSCl1uoM4HFmCg5jUms9TcH4I0UDghRy4nu7aT4PQGcGeaMLDdh%2F%2FuZerMlw0gDzvQd8d8fP2H23X0MWd83%2BMs9Efk0p1Sef4Rkl10l4JxJclFDq0fTz2Mbqgilw2oBLwxsZEBqa5HJ81aSo7W3Oe7whatlvKMSl364QP7ywojF5yIYcquGmlbj%2BxWV2jm%2BIEaazj9BIqiek2MGJxtO7xfDonrrPBk7E9AwXW16JHVzQs5h8cwyukLNGiNd3gLNL7f0HpWk7f%2BKGrJoadB1vCsId3vHB%2BFBL9tTsLuizIMoFCZ4t354a9QgfkSey6i5YnuyFjvH1mTpddgz82VJkjBh4j%2BY42f8od8Z3OPUeINGnPoWclfZpeP8Dl7D0DMkWtVRqDYBmyzT43HHBFcyg00aYkSizKRyMZ9Ik3vnti%2BWLSWt5MCEWlwuRshGS0KMezmvT%2FzpdUjOJycxFRxN1y6M6BgMDqkR4MVjT8gc7AyGBBgeq5uUNNXYZX33M5bVbJ3rgwpY9s%2FHwqtxT4DxVaXHiGWun7BXKTYj529v0cNLIFJzDjZKOjrI3rXCv79XzUYq12ekV8Gx%2FfXgW156BZ71CZX4BhwDA%2FS5dVCo16KHdFnBhK42H0dldNP%2FpyTMK%2B64D31BvbGrLgdcTrzeiT3nHKRXlPk%2F1QSv1UZbliF4oZN30CWCbHmM0%2FqI3MQHlHgWQMKNKmcXMtRh%2BXCvGffFgtkZhPafJUlXuSvij59Iv8zXw83JU7fJZdGHlhXknYfuFz1iZyU%2FwCPRc3ZdceKlh4E3R%2BRk7hWOPnrMUcEzAJUFk0OTFAtBiZUuU07oBlbF%2F8t6sFjidA5nbOKcu2TN7q%2FVuXvNwa7B9OuNp5katM%2FSwWcBDBy6TbwjQQtWvLjJomecdWIkMiZhNvmaAjmO1N0oCAjqrHybdR%2BUFKl38hFATmR2b3LsHnOrjsVxNS%2BJe%2BufjAeRbkI5BnR2eWWmwgG4UEtktyu1wvShlDL%2Fgxk3JVmzx0jguY9YVgUB7vVaZMEa%2BGg01ULJQAW9SDQyq3GiCOFOO%2FLFws8ix5vAgRHVl91pexuVGir%2FTUK7zeXmXsEci0XYKnj2pEB7QL6wMFmzXVXOCGTQ1XsUbyarzaZdmdJ0b1bcRKUctxU7lQSl81Zkd%2FdlxKH%2BbXNARU3XgkFQ%2Bm2n%2FH31WfARk5FcNa8XTO%2FRpJ2FrJuLqbNzGiqea803t6HHbESkH0mdmvKfGdzj1HiDRoJ%2FQLCca1y0u7WaDTqPVYGCF3x848UhdDjGj4J2o6FemlGDrOsRuGzJIe4K4vo1yS6Q7AwexqWwBXx58FRbRbAjaQ%2F4ETm%2F4RtztJcZdAlPHGKaAQC4t%2BIqSQtPxSva91VQNFU9jqdE5fjPCsVY043XdTXmQKjt6B6ARdjadFCLpiE8dOH%2FFbfJEO0b%2Fy6%2FNAeIZa6fsFcpLtA%2BLmXG91YmTKQvj12bIXDtapmFn%2FQEPRKVa0pMofFt0c%2B8GtknpHG%2BLl1x6j2qZzCcO%2BWgeh8XcN3pU4sW1Aw34EWXwOU5J8D9iLOP0O2528PKwB74c9j6Z%2FGz%2FTh5qV%2B1qdH3ggWqB9lAm9kjV6sUY7xKr01jrs8B%2BDmkZKoV369CnhF0GLJOvgo7wG%2FbdCmsB9Q7e5czewPoiPxwhPG8hIwKB%2Bmr4aw2jwceuB9Y8MD%2BhJTcpGweXJyqLlVYt1ds1glfXeUez1dEPQjzhQoulhkPV6ZM3yP6Nc71wUge1sm6xjFVJIEI15oC2kKPL9HaUjSmCmBTec1xJFXcMydnijwdznt8rWeHPthvAWiv1xvrqhiVZKZ3fQc4QFdX17kwWrX6uo1JbRe%2F%2FI4wxnNwbtpo5zLgHRlhZcrmOd%2FOKSYtGau7Nan9nObKs9csfiRxVUOriqJlldX6yROCe%2FhZjl0zNupNC15jPCV3lTTqnmvNN7ehx2spJ8vcxAUkSVrZE0xBgWixUhy3wLEN0RLjYoc0tDfyu8nOv0rRsaIJwfwnzV9xl047n1jCicoqZh0aJNVEnVUH%2BiqdZ1BXU8O8PaB8uP03V%2Ffy7apaGBi%2BONnmW3NFno%2B6izPoS9Dknd18yA8ZEdHRG25nLwE4456GIazAGu0%2Fa7ZrVLwu7KqpR8r53b%2BeCQjGZ8fXFlXYzybyg2%2Fxz9XHiGWun7BXKRYI66T8vFknzomeIqEjxBPnPB%2BBlPoaJjNAgWtvMTcpOpTBE5amhg1sE5wczDynupAczh95Cc3h1buaXQVAzzG7XF%2F8HHy5gw%3D&mm_sceneid=1_0_10568702523_0&a=xxc%3Dad_ztc%26mi_id%3D0000kElK7yx-gtsIE_m7gmHhvxyixOTKPLHX4FM2ZU83Fao%26skuId%3D6132339356661%26priceTId%3D214780b017887048387347821e109b%26utparam%3D%2525257B%25252522aplus_abtest%25252522%2525253A%2525252219187047229b2a98890dabd4c5e97045%25252522%2525257D%26%26benefitReciveParams%3D%2525257B%25252522toast%25252522%2525253A%25252522true%25252522%2525252C%25252522channel%25252522%2525253A%25252522lafite_PCduan%25252522%2525252C%25252522asac%25252522%2525253A%252525223A25B13RWQZLS9ND5IE0JV%25252522%2525252C%25252522strategyCode%25252522%2525253A%25252522243b4de6d8f94ab4afe719fa94027aad%25252522%2525252C%25252522selectedBenefitCode%25252522%2525253A%25252522f64bda70045f4f0fb54ae2c69922a857%25252522%2525257D%26&id=1078559743201&spm=a21n57.1.item.1
一水肌酸99.99%高纯度快充肌酸粉300g赠耐力爆发力运动健身力量,24.8,3万+人付款,回头客1万元气码头旗舰店,//detail.tmall.com/item.htm?id=792891863360&ns=1&abbucket=7&xxc=taobaoSearch&mi_id=0000SQA3f0kVoiRNetCZafPmpisBWH9rDewkMvaSfUArMyA&skuId=5634191867606&priceTId=214780b017887048387347821e109b&utparam=%7B%22aplus_abtest%22%3A%22f97cd854bb5f60cc6e17ac297bb03f6e%22%7D&spm=a21n57.1.item.2
爱兰纯一水肌酸99.99%高纯度肌酸粉300g耐力爆发力健身长增健肌肉,19.9,3万+人付款,臻补剂,//item.taobao.com/item.htm?id=835708919297&ns=1&abbucket=7&xxc=taobaoSearch&mi_id=0000wAlBWHzecR3mZUnFbc_6RMd97RS5AeV1p0leEgK61DQ&skuId=5823480305584&priceTId=214780b017887048387347821e109b&utparam=%7B%22aplus_abtest%22%3A%22361853df9c3fd48bec5b27edbfc03ef9%22%7D&spm=a21n57.1.item.3
肌肉博士肌酸一水肌酸粉 锌镁肌酸高纯度健身运动补剂官方旗舰店,39.9,9万+人付款,肌肉博士旗舰店,//detail.tmall.com/item.htm?id=798105337288&ns=1&abbucket=7&xxc=taobaoSearch&fpChannel=101&fpChannelSig=cd3a6289d21d4bb0b4c74848ac0fc8f004515787&mi_id=0000rT1wMqG6bKPRVza_lQhF0wrxpZIEWUZQWDU4ih4XdsI&skuId=6193185059845&priceTId=214780b017887048387347821e109b&utparam=%7B%22aplus_abtest%22%3A%22ef3613299c696bda7be91704dbfc4adf%22%7D&spm=a21n57.1.item.4
肌肉博士肌酸一水肌酸粉高纯度健身运动营养食品官方旗舰店正品,39.9,4万+人付款,肌肉博士旗舰店,//detail.tmall.com/item.htm?id=802745261057&ns=1&abbucket=7&xxc=taobaoSearch&mi_id=0000ppRQtFfQQK3ygcR5d5j0FttxUMbzrZdsQoGRQ2MK1G4&skuId=5979996224775&priceTId=214780b017887048387347821e109b&utparam=%7B%22aplus_abtest%22%3A%225e2d2c1de8f129ad7624e67378e20bb7%22%7D&spm=a21n57.1.item.5
【爆品NO1】FoYes肌酸锌镁一水肌酸粉耐力氮泵氨基酸健身增肌补剂,63,10万+人付款,回头客2万FoYes旗舰店,//detail.tmall.com/item.htm?id=767739335818&ns=1&abbucket=7&xxc=taobaoSearch&mi_id=0000XCf5Xb9fqtljVgKw8dFOiGHE52eB5RsE--4qo9PG_oE&skuId=6205772755394&priceTId=214780b017887048387347821e109b&utparam=%7B%22aplus_abtest%22%3A%22bec2f517971af5b7be4d4fa703b6a618%22%7D&spm=a21n57.1.item.6
训练怪兽一水肌酸运动健身训练营养补剂耐力爆发力氮泵锌镁肌酸粉,53,10万+人付款,6年老店训练怪兽旗舰店,//detail.tmall.com/item.htm?id=675874243731&ns=1&abbucket=7&xxc=taobaoSearch&mi_id=0000iJjb3RhYdrOlmQrxRiqZt36_-9s5r-OnZhzKcQ7_q60&skuId=6030643473818&priceTId=214780b017887048387347821e109b&utparam=%7B%22aplus_abtest%22%3A%222bbba3473bcacbe2df261afa74de6666%22%7D&spm=a21n57.1.item.7
诺特兰德肌酸一水肌酸锌镁肌酸耐力爆发力运动健身补剂非氨基酸,19.66,3万+人付款,回头客3万诺特兰德官方旗舰店,//detail.tmall.com/item.htm?id=726648410223&ns=1&abbucket=7&xxc=taobaoSearch&mi_id=0000lpUIsxIj22WiARnQ2IaW9QkshmVbKHjany4XlgGJ5Wg&skuId=6286850230564&priceTId=214780b017887048387347821e109b&utparam=%7B%22aplus_abtest%22%3A%223c9f37de4571edbe8bb625419216b2f7%22%7D&spm=a21n57.1.item.8
BD能量高纯一水肌酸粉袋装100g健身运动力量耐力爆发力非氮泵,9.9,3万+人付款,BANNYDEER旗舰店,//detail.tmall.com/item.htm?id=834771253401&ns=1&abbucket=7&xxc=taobaoSearch&mi_id=0000us77dr95L3pPuuyuP2tFaYtqQRUrlZ8d6ni8MDDMrRA&skuId=6298107170744&priceTId=214780b017887048387347821e109b&utparam=%7B%22aplus_abtest%22%3A%22307f5d88f4f933e5b950c422eb3c53e0%22%7D&spm=a21n57.1.item.9
BD能量300g罐装一水肌酸粉补剂耐力运动爆发补剂非氮泵官方正品,9.9,1万+人付款,BANNYDEER旗舰店,//detail.tmall.com/item.htm?id=706666965124&ns=1&abbucket=7&xxc=taobaoSearch&mi_id=0000WqOYwOLm4BXCcZBYoUkm4TDeAzzvDUPGB2CwhPWvFGU&skuId=6078393249842&priceTId=214780b017887048387347821e109b&utparam=%7B%22aplus_abtest%22%3A%22ff6617898fa9e40fc13ffc0364223fec%22%7D&spm=a21n57.1.item.10
凯普锐斯KEEPMOMENT肌酸粉300g一水肌酸健身体育生爆发力耐力,19.9,8000+人付款,KEEPMOMENT旗舰店,//detail.tmall.com/item.htm?id=723279686559&ns=1&abbucket=7&xxc=taobaoSearch&mi_id=0000YToFyuLs9AkA6NcLB1RdqZdd0Fm8egXVBXk0T_Mpvwc&skuId=5345763371925&priceTId=214780b017887048387347821e109b&utparam=%7B%22aplus_abtest%22%3A%22862dc13cebb00be38cedd6ad0e6d6218%22%7D&spm=a21n57.1.item.11
诺特兰德肌酸一水肌酸高纯度运动健身补剂爆发增肌非支链氨基酸,20.93,3万+人付款,回头客20万诺特兰德旗舰店,//detail.tmall.com/item.htm?id=924410229064&ns=1&abbucket=7&xxc=taobaoSearch&mi_id=0000QXT1UEk5H600FdN3zksMB0_8DvRdZsK2AOoNQ2rJ-r0&skuId=5897201680715&priceTId=214780b017887048387347821e109b&utparam=%7B%22aplus_abtest%22%3A%22d4e3bc604a072dad6fcb8f2b0a931844%22%7D&spm=a21n57.1.item.12
一水肌酸高纯度增肌粉袋装爆发力耐力运动健身补剂非氮泵纯肌酸粉,6.8,4000+人付款,5年老店汇生源生物科技,//item.taobao.com/item.htm?id=937439030984&ns=1&abbucket=7&xxc=taobaoSearch&mi_id=0000cF5UVkA3R66bJZ8nlQ29awieyVlhMQblsfEuRVVsmtY&skuId=5865973229165&priceTId=214780b017887048387347821e109b&utparam=%7B%22aplus_abtest%22%3A%22c123fe58987963cfaeb3c6f498b053b5%22%7D&spm=a21n57.1.item.13
食品级纯净一水肌酸纯粉健身增肌粉提高耐力长肌肉高纯度肌酸粉,13.4,2万+人付款,12年老店开心健身原料,//item.taobao.com/item.htm?id=673831634118&ns=1&abbucket=7&xxc=taobaoSearch&mi_id=0000gP4nubTCJ_4sX1jo8ykGZLatgauDrMi3t8ostbB_0xw&skuId=4850409481986&priceTId=214780b017887048387347821e109b&utparam=%7B%22aplus_abtest%22%3A%22ce14c55cf6edda0498f16f5f160c0946%22%7D&spm=a21n57.1.item.14
训练怪兽一水肌酸男女肌酸运动健身训练营养补剂增耐力肌酸粉官方,53,6000+人付款,6年老店训练怪兽旗舰店,//detail.tmall.com/item.htm?id=1057940758778&ns=1&abbucket=7&xxc=taobaoSearch&mi_id=0000rq4KzzVG7y6K-2lgMrW0vJzBHaAlyhL-DZcqjQ8C9Ic&skuId=6108009292136&priceTId=214780b017887048387347821e109b&utparam=%7B%22aplus_abtest%22%3A%22ccd91a4cb307b01846faf13e20a04c03%22%7D&spm=a21n57.1.item.17
康比特炽金纯肌酸粉锌镁一水肌酸健身补剂力量爆发力耐力运动增肌,63,7000+人付款,回头客2万康比特品质店,//item.taobao.com/item.htm?id=768263999608&ns=1&abbucket=7&xxc=taobaoSearch&mi_id=0000yOykuEQGENxSXsvCjTuATJGMA0xdu3FXweXT_sfdCuM&skuId=6180798059142&priceTId=214780b017887048387347821e109b&utparam=%7B%22aplus_abtest%22%3A%22ed798c58fc0f1a0e2355e465568d7f34%22%7D&spm=a21n57.1.item.18
肌肉博士肌酸一水肌酸粉红牛风味运动营养谷氨酰胺锌镁粉健身补剂,39.9,3万+人付款,肌肉博士旗舰店,//detail.tmall.com/item.htm?id=797919427138&ns=1&abbucket=7&xxc=taobaoSearch&mi_id=0000-3-U2Fi4VNhtNnX853uAsmcf41scJ16wjQcIwYi5lM4&skuId=5949965729098&priceTId=214780b017887048387347821e109b&utparam=%7B%22aplus_abtest%22%3A%220120c34e344341d351b3adf89f6e84d7%22%7D&spm=a21n57.1.item.19
磅普锌镁肌酸粉300g高纯度99.99%果味肌酸健身补剂引爆肌力非氮泵,26.8,3000+人付款,磅普食品旗舰店,//detail.tmall.com/item.htm?id=1037797426895&ns=1&abbucket=7&xxc=taobaoSearch&mi_id=0000UfBaiq18Yd3Dqcp2vmGnnxM--ymkcxlAX6iXox0gsSM&skuId=6056895381862&priceTId=214780b017887048387347821e109b&utparam=%7B%22aplus_abtest%22%3A%22a815fbb018ec098c5382218afaec89f1%22%7D&spm=a21n57.1.item.20
一水肌酸原粉 纯肌酸粉 食品级高纯度肌酸粉健身增肌粉提高爆发力,7.71,6000+人付款,14年老店尚宏生物科技,//item.taobao.com/item.htm?id=670900610588&ns=1&abbucket=7&xxc=taobaoSearch&mi_id=0000QWnELadSdKNaJHGgrgmOOV89HCWCDBfjiIAnheBYXAY&skuId=4857161780844&priceTId=214780b017887048387347821e109b&utparam=%7B%22aplus_abtest%22%3A%22249fcab2ad609e7a3e8c7f4a310154bc%22%7D&spm=a21n57.1.item.21
FoYes锌镁肌酸180g一水肌酸耐力爆发力非氮泵氨基酸健身增肌粉男,48.9,1万+人付款,异彩运动营养店,//item.taobao.com/item.htm?id=919596837979&ns=1&abbucket=7&xxc=taobaoSearch&mi_id=0000H-1QJ_Mx1QIk8wDEHxI8zjC60UdW7ZnB7yv6XVslLgo&skuId=6240431391264&priceTId=214780b017887048387347821e109b&utparam=%7B%22aplus_abtest%22%3A%22ea59fc313b1205e0cbf16d62e16bd219%22%7D&spm=a21n57.1.item.22
肌肉博士肌酸一水肌酸软糖便携健身训练运动增肌营养正品旗舰店,49,5000+人付款,肌肉博士旗舰店,//detail.tmall.com/item.htm?id=1049859360303&ns=1&abbucket=7&xxc=taobaoSearch&mi_id=000050LfGaJMijmg9J14Ak5QlXa10VmV4y2KcnfiutEZgZU&skuId=6270651811617&priceTId=214780b017887048387347821e109b&utparam=%7B%22aplus_abtest%22%3A%22d28d67e5859abaae4613a2a95ad4a523%22%7D&spm=a21n57.1.item.23
FoYes快充肌酸便携高纯锌镁一水肌酸耐力非氮泵健身增肌粉小袋装,7.9,4000+人付款,异彩运动营养店,//item.taobao.com/item.htm?id=918691195878&ns=1&abbucket=7&xxc=taobaoSearch&mi_id=0000CdTq97xmNyBySnHaPFYXIlVUknVHrl50QjXWVA2NULI&skuId=6292402815903&priceTId=214780b017887048387347821e109b&utparam=%7B%22aplus_abtest%22%3A%22ff1ce8af809100dc128945d0838476cb%22%7D&spm=a21n57.1.item.24
诺特兰德肌酸一水肌酸正品运动健身补剂非氮泵氨基酸,19.8,2000+人付款,常乐运动补剂商城,//item.taobao.com/item.htm?id=730433180338&ns=1&abbucket=7&xxc=taobaoSearch&mi_id=0000rf_Smm8iCT_f3ErHP5B8f_on3ka8NRERGPEhI_89okg&skuId=5435267916609&priceTId=214780b017887048387347821e109b&utparam=%7B%22aplus_abtest%22%3A%22a321a5f7b574c19f71aaaf69bd307c92%22%7D&spm=a21n57.1.item.25
诺特兰德肌酸一水肌酸载体肌酸补剂纯肌酸粉体育生锌镁肌酸片,9.3,500+人付款,兰博运动营养,//item.taobao.com/item.htm?id=994368115528&ns=1&abbucket=7&xxc=taobaoSearch&mi_id=0000jLA73drgRkIMjZfBUriM0-g_rAXwrNKqen4O1IkAnUY&skuId=5974194908634&priceTId=214780b017887048387347821e109b&utparam=%7B%22aplus_abtest%22%3A%22fe017558b77070f78b8321ab5fa8fe14%22%7D&spm=a21n57.1.item.26
米当卡快充肌酸高纯度一水肌酸粉耐力爆发力非氮泵氨基酸健身增肌,23.2,8000+人付款,回头客6万米当卡旗舰店,//detail.tmall.com/item.htm?id=854664203116&ns=1&abbucket=7&xxc=taobaoSearch&mi_id=0000Q3GedrTPvBgv5oWv2BjWSrhuoBm8IyBDiGOLm9mT5qs&skuId=5826692263552&priceTId=214780b017887048387347821e109b&utparam=%7B%22aplus_abtest%22%3A%2244f36ea262e7d35fa4c1df25503aa742%22%7D&spm=a21n57.1.item.27
康比特锌镁肌酸粉100g高纯度肌酸速度爆发力力量运动健身营养粉,31.9,2000+人付款,异彩运动营养店,//item.taobao.com/item.htm?id=946140744606&ns=1&abbucket=7&xxc=taobaoSearch&mi_id=0000gOT7Q7lXrqI6UOjq5wfDybhpX5IlUUlcLYE17sTz6tg&skuId=6279067231944&priceTId=214780b017887048387347821e109b&utparam=%7B%22aplus_abtest%22%3A%2204bfa1b1a07c49ff648de6aa8de76911%22%7D&spm=a21n57.1.item.28
Myprotein 一水肌酸粉运动增肌健身训练营养补剂耐力爆发力,48.21,3000+人付款,回头客9万Myprotein海外旗舰店,//detail.tmall.com/item.htm?id=539413299568&ns=1&abbucket=7&xxc=taobaoSearch&mi_id=0000n7U3K5f2rNe3wktike-T0lcLF3JJPXLnEI4lxgSBU6Q&skuId=6128129437129&priceTId=214780b017887048387347821e109b&utparam=%7B%22aplus_abtest%22%3A%22abe13fc4396675a8a4589b0c698c7843%22%7D&spm=a21n57.1.item.29
爱兰纯一水肌酸99.99%高纯度肌酸粉300g健身耐力爆发力非氮泵bcaa,19.9,3000+人付款,超人 补剂,//item.taobao.com/item.htm?id=676121492633&ns=1&abbucket=7&xxc=taobaoSearch&mi_id=0000wCKGDQKYJ6UvCExf8jfcYorRbPaZp-As71Y9REmD8PA&skuId=5189320046061&priceTId=214780b017887048387347821e109b&utparam=%7B%22aplus_abtest%22%3A%220f931971e14752dd92aa838b941b7b88%22%7D&spm=a21n57.1.item.30
HotRule一水肌酸粉锌镁肌酸粉耐力健身增肌力量非氮泵氨基酸补剂,38.41,1万+人付款,Hot Rule旗舰店,//detail.tmall.com/item.htm?id=905087865082&ns=1&abbucket=7&xxc=taobaoSearch&mi_id=0000HtsJpxbVtp-amWB9cgX0lOU4PwgvBAql-8sc7NWpOCg&skuId=6279964270703&priceTId=214780b017887048387347821e109b&utparam=%7B%22aplus_abtest%22%3A%2229a843b6b5fcb48a8b68c761f8e45421%22%7D&spm=a21n57.1.item.32
凯普锐斯KEEP MOMENT一水肌酸粉300g高纯肌酸粉补剂健身非氮泵,19.9,1000+人付款,KEEP MOMENT企业店,//item.taobao.com/item.htm?id=708998278054&ns=1&abbucket=7&xxc=taobaoSearch&mi_id=0000O55L0U5qv-QlJF9bPnDywC1V3FS99g1RfK92jQLPyio&skuId=5530433009865&priceTId=214780b017887048387347821e109b&utparam=%7B%22aplus_abtest%22%3A%22ede65ac1b2a58deeffcd74efebc7be28%22%7D&spm=a21n57.1.item.33
bd必第能量一水肌酸粉纯肌酸粉100g健身运动力量耐力爆发力氨基酸,9.9,1万+人付款,老伟的皇冠补剂店,//item.taobao.com/item.htm?id=845418378705&ns=1&abbucket=7&xxc=taobaoSearch&mi_id=000012GAjYWzjivhvSeZRpHZTlptiDjhqwk-oq_s9FXzzag&skuId=6129333545918&priceTId=214780b017887048387347821e109b&utparam=%7B%22aplus_abtest%22%3A%22b1009b610f1d135a85ca5327fe935bcb%22%7D&spm=a21n57.1.item.34
UP训练怪兽一水肌酸袋装便携条装肌酸运动营养补剂耐力爆发力,17.91,1万+人付款,6年老店训练怪兽旗舰店,//detail.tmall.com/item.htm?id=843420026132&ns=1&abbucket=7&xxc=taobaoSearch&mi_id=0000cW1z_rowUadi3Fkg7r47QUqabJmRAA8BhiBtYJsBoPE&skuId=6248018559653&priceTId=214780b017887048387347821e109b&utparam=%7B%22aplus_abtest%22%3A%22fe388cfc07186fda2859d6d00a368f55%22%7D&spm=a21n57.1.item.35
康比特肌酸锌镁一水肌酸粉耐力爆发力运动健身增肌补剂官方旗舰店,73,7万+人付款,回头客10万康比特体育科技旗舰店,//detail.tmall.com/item.htm?id=640468642224&ns=1&abbucket=7&xxc=taobaoSearch&mi_id=0000Ye_xGYGCRlnkvECfGlV4n1b7tt7y6cEZFA1tGFBdkUI&skuId=6248616530251&priceTId=214780b017887048387347821e109b&utparam=%7B%22aplus_abtest%22%3A%2285acec519ff0f8de272490c163f1a014%22%7D&spm=a21n57.1.item.36
元气码头一水肌酸粉男女健身运动补剂一水肌酸300克,22.8,3000+人付款,肌肉英雄运动营养,//item.taobao.com/item.htm?id=807158966777&ns=1&abbucket=7&xxc=taobaoSearch&mi_id=0000UmSoUTLD6xOGm4EfBgVBA6xZ5Cp_QJE664ZHn3uVLTw&skuId=5570661872067&priceTId=214780b017887048387347821e109b&utparam=%7B%22aplus_abtest%22%3A%22de24863e175269304100eec0e3d22f0f%22%7D&spm=a21n57.1.item.37
Myprotein己能 熊猫一水肌酸健身补剂增强耐力爆发运动营养品250g,71.91,3万+人付款,回头客9万Myprotein海外旗舰店,//detail.tmall.com/item.htm?id=606699958890&ns=1&abbucket=7&xxc=taobaoSearch&mi_id=0000TvvtwE4tK8sb6veeF1mc67MesNpaH4pdQNrIMZcdQTM&skuId=6222566027276&priceTId=214780b017887048387347821e109b&utparam=%7B%22aplus_abtest%22%3A%2294d3bd64e4fd3638eecc5107ce09e126%22%7D&spm=a21n57.1.item.38
训练怪兽一水肌酸男女运动营养补剂耐力爆发力女性谷氨健身氨基酸,51,2万+人付款,回头客400万阿里健康大药房,//detail.tmall.com/item.htm?id=971325805779&ns=1&abbucket=7&xxc=taobaoSearch&mi_id=0000HrHt6Hex7aU8bTSMMfatP8t6vZFcFvFPd7QBikuPdpk&skuId=6206532770859&priceTId=214780b017887048387347821e109b&utparam=%7B%22aplus_abtest%22%3A%22e0978eba08af032af0dce2f85c0635c5%22%7D&spm=a21n57.1.item.39
肌肉博士肌酸粉300克一水肌酸锌镁肌酸增肌健身男女爆发耐力,39.9,5000+人付款,正品奥赛周边,//item.taobao.com/item.htm?id=674263240568&ns=1&abbucket=7&xxc=taobaoSearch&mi_id=0000qhrQnFqkLf1V2M_STOtNQcPU_2mOSvDUEBe4Z86Mut4&skuId=6014694481610&priceTId=214780b017887048387347821e109b&utparam=%7B%22aplus_abtest%22%3A%22545c199566cd0777ab0848221772c327%22%7D&spm=a21n57.1.item.40
诺特兰德肌酸一水肌酸耐力爆发力运动非支链BCAA健身增肌正品,18.81,900+人付款,回头客1000万天猫超市,//detail.tmall.com/item.htm?id=743389897392&ns=1&abbucket=7&xxc=taobaoSearch&mi_id=0000tOtm4FIVNGnr1n8KT5E8rKu1bHaGCjcDkdE59HTRhUY&skuId=5125286280790&priceTId=214780b017887048387347821e109b&utparam=%7B%22aplus_abtest%22%3A%2267c024a7b73d5eae9b8cbfd5130c1033%22%7D&spm=a21n57.1.item.41
康比特纯一水肌酸耐力爆发增肌运动健身补剂锌镁肌酸粉官方旗舰店,73,2万+人付款,回头客10万康比特体育科技旗舰店,//detail.tmall.com/item.htm?id=595111277563&ns=1&abbucket=7&xxc=taobaoSearch&mi_id=00009ndV0ik86TvGg9kUhWYTyg_Q9NgFtT2VKuO--V3LrY0&skuId=6272044662052&priceTId=214780b017887048387347821e109b&utparam=%7B%22aplus_abtest%22%3A%2244fd6d7c0090f1b650032ca6d03f6c45%22%7D&spm=a21n57.1.item.42
ON 奥普帝蒙 绿标一水肌酸粉100g/200g肌酸男女健身粉,69,4万+人付款,6年老店ON奥普帝蒙旗舰店,//detail.tmall.com/item.htm?id=619646208020&ns=1&abbucket=7&xxc=taobaoSearch&mi_id=0000zjCiNGXMpi9hj9OXlLJAjAHkibr-Vdm8y4kVy3T5qmU&skuId=6241070426620&priceTId=214780b017887048387347821e109b&utparam=%7B%22aplus_abtest%22%3A%22339341b69a23aa6543e0ceb2d03b7326%22%7D&spm=a21n57.1.item.43
迈斯朋克一水肌酸运动健身训练营养补剂耐力爆发力氮泵锌镁肌酸粉,28.42,2000+人付款,迈斯朋克焱焱专卖店,//detail.tmall.com/item.htm?id=999382488429&ns=1&abbucket=7&xxc=taobaoSearch&mi_id=0000UmTX9rJ4A16Cs0A48RGknnu5Y-7HmYY9cXVkrnlfN5E&skuId=5985210245614&priceTId=214780b017887048387347821e109b&utparam=%7B%22aplus_abtest%22%3A%222eba4d7db071fb66749b1a6b4fb6a6ca%22%7D&spm=a21n57.1.item.44
【回购正装立减5元】FoYes快充肌酸一水锌镁肌酸粉力量耐力爆发力,6.07,8000+人付款,FoYes运动营养旗舰店,//detail.tmall.com/item.htm?id=1026752606293&ns=1&abbucket=7&xxc=taobaoSearch&mi_id=0000L6-eh3DSShop1eip2zkH4NMwPavDEFUgliLtIE-t7Zk&skuId=6203896167758&priceTId=214780b017887048387347821e109b&utparam=%7B%22aplus_abtest%22%3A%22f67ff76a1365bc203eeb4b021016bfb0%22%7D&spm=a21n57.1.item.45
FoYes肌酸锌镁一水肌酸粉耐力非氮泵氨基酸健身增肌补剂旗舰正品,53,3万+人付款,回头客400万阿里健康大药房,//detail.tmall.com/item.htm?id=904795850196&ns=1&abbucket=7&xxc=taobaoSearch&mi_id=0000c4Dpxf9gDkg8IpUVfoVNGMEpUt3dSKaUXHu5Y49RAJM&skuId=5953888180490&priceTId=214780b017887048387347821e109b&utparam=%7B%22aplus_abtest%22%3A%224488047bd88713923d209a2286f66173%22%7D&spm=a21n57.1.item.46
肌肉博士肌酸一水肌酸粉果味高纯度300g增健肌耐力爆发力运动健身,39.9,5000+人付款,9年老店AD健身补剂,//item.taobao.com/item.htm?id=764639823319&ns=1&abbucket=7&xxc=taobaoSearch&mi_id=0000idauFp7eWK-jHTupeogfFeUonmfWAwE9oHcnpNUyR5Y&skuId=5749034932687&priceTId=214780b017887048387347821e109b&utparam=%7B%22aplus_abtest%22%3A%228dd1c3922e920b212468b0b91c840a46%22%7D&spm=a21n57.1.item.47
myprotein熊猫纯一水肌酸健身运动学生爆发力耐力非氮泵英国进口,47.9,6000+人付款,乘峰运动,//item.taobao.com/item.htm?id=940502786517&ns=1&abbucket=7&xxc=taobaoSearch&mi_id=0000-L97MbUNKKOld1fXnZokicaladeVudJxNXebTYgZtYQ&skuId=6004730102861&priceTId=214780b017887048387347821e109b&utparam=%7B%22aplus_abtest%22%3A%2234051a9fec47e17bd68dbc3d24b533fd%22%7D&spm=a21n57.1.item.48
美国ON奥普帝蒙欧普特蒙纯肌酸粉健身一水肌酸氮泵力量爆发力300g,103.95,2万+人付款,黑黑老大的地盘,//item.taobao.com/item.htm?id=704184813217&ns=1&abbucket=7&xxc=taobaoSearch&mi_id=0000fvlwD6GQZp_jry7-iyO_EeyMZJQKzreC_We8KAWIPuU&skuId=5250408188936&priceTId=214780b017887048387347821e109b&utparam=%7B%22aplus_abtest%22%3A%22e937a019e3912c35e88e2982dc611d1e%22%7D&spm=a21n57.1.item.49
BD必第能量一水肌酸多口味肌酸粉100g袋装爆发力耐力健身A类补剂,9.9,8000+人付款,BANNYDEER旗舰店,//detail.tmall.com/item.htm?id=856801376795&ns=1&abbucket=7&xxc=taobaoSearch&mi_id=0000L2kYURig7T5dgpmfoSgH5F1Qd93FaqRjfdrqerAkcNQ&skuId=6078409473692&priceTId=214780b017887048387347821e109b&utparam=%7B%22aplus_abtest%22%3A%227661e65f0e9718ddc054ec1005962bae%22%7D&spm=a21n57.1.item.50
bd必第能量一水肌酸100克袋装多口味性价比99.99纯度健身运动耐力,8.9,5000+人付款,9年老店健美黑军健美补剂正品店,//item.taobao.com/item.htm?id=838200077424&ns=1&abbucket=7&xxc=taobaoSearch&mi_id=0000ncXQiQpznpKaKHThGVufIfeolfe5LJ3_pFx0lx9fN_A&skuId=5947452469601&priceTId=214780b017887048387347821e109b&utparam=%7B%22aplus_abtest%22%3A%2287b18191528e8bf4f74a6c56f7f4d4f9%22%7D&spm=a21n57.1.item.51
BD能量高纯一水肌酸粉袋装100g健身运动力量耐力爆发力非氮泵,9.9,3万+人付款,BANNYDEER旗舰店,https://click.simba.taobao.com/cc_im?p=%BC%A1%CB%E1&s=724364705&k=2649&e=PPOaH46bXxgkxv22UbwR4t4YVgHIjGP5%2FO9KrMCDEPj9JSLeXeCxgqu5rL06UIJl6KqTz%2FjdEvLOC3dqqiJ9tYVja7BJm3uNbz1dAS%2BHiOsgTKSyTHOrG6z68XCsFiYUTgLtlioGjo9wz%2FmgrOgzRioDlkhp0Nnt%2FFq%2BsHuryFt2L%2FfFFFBy0L%2FlJCn9imFLqLwQQemO9aTpvM5NhlnjaHdaNi0%2BlXtWB9cV21oFSzo2K7kNLg%2FqsmXx8ZjOfHxDCcjlVdQ8Zne9mcPai%2FdcaC4ukhgN0nKAcTKu1LD8%2Bsif9tEcFRvEna%2Fg94ok%2FiYTVEoU0pEL73P1%2FsU9QC%2Bi7MkMcGsw5maX8JZmy2KXbXmF%2F43XUWiYTYueYosLgiwAUnNr%2FYIn2gEWJJD%2Fp7lxMH62hurWVQGRiw4rDIaySa54bPxQyaJI6jq8A6tLREXnYFzzKABdPSRD%2Bl6oH0wWCHTxJ4pa6AjnQS3nnNy5hTKnkwXRGm8%2BxSxYo6b4HcJERzCDiC9QxIZhrxd6mUgKqqWBqxsFs51VABT34UGP%2BnEUwF%2FJZF0bZUeiF0hIhP9h3WVdgtK1Ri4dWZznOjazMAHKe8VpIPtzF8psc4uNgcz1vXE8ahzde%2B3RN174OM4qqNt3BfG9J1UADyDLh0j7P2iEWz4pWatsLLPYWO4zCWT93y5PeaGAC5WrnhZwe%2BHThzTcatb60ZYhiniJYPHfcIeYFiRUm8cif6n5IR0LVnha%2Fs7oD9EA8x93tRYrBEp%2B0iWtHhjbaaYW1SGOcPqauPTFrkQx4MYH5HhC4xWvoz%2FevSgD5Yx7ykYJG7nEsi%2FqxWuhddHyN1idus0zKWBqsgFaSzPRduy0MjmgK0xa2QLan3X47dqlBydFRbjw5vi7I%2FP%2FZPdOo%2FUZMXqLuZXdwB6zA5sFWz2VnE3%2FPJ9Anh83sPiECvMIR6HbCvzkV8xQBz1TjLJNhDU7KNDbCixnu%2BBF%2FXw70UPCyMXnffLDRXHDhW1Fx8XHZ2euNeD6zDCyJaXcaatK4kg2ZEKEA4Kq9c%2BcAgvEn2ozTdJO4l77taf%2BaWOY3v0n6WBE4inUjYqP9jvmqW9QRCMQLqDEU6HMhu7My1sBfM3O0MTWKEIhUN7bDptRq1pI8lTf7LRfDG7C8nY29cXXDH5E06KSjjJMLKcNDQVKn7MC7wAKHgdFSuGtpW8bIrBGxwFaSzPRduy0lKqyjD8Nc8Q%2F6z3iJXUmO45CByAO8o91S4bwke%2Bv%2FRmIf8%2BOKmnBHpGqdoEzJhFJZe7Ajz6kCP3Resjq7uyGcBJNX9wMDyLefVK%2BaXn6pPDJA4uNhVe7eUR5%2BazWfrc1fA5E85dml%2FlmslkvBjA2RUyorrFJ%2FVe7GOPTrZEZ0mRmiEKWWXc31RqiKGQ1X%2FBPzQ%2BW6mB7VLjQWxtnw5xMwAXekuR88noOp6D%2FLy2zAb164wNNxHk8SBV8xip6kfRj0%2BfTpcahg00V57R7rnxSaBJyf%2BH%2F8phFiZ3ncBC5FU%2BT58cJehZdcOW3Cf17dBoFG1rPuWFRuEdNPao%2BTZXBcdmRIWQh%2FOTcP%2F3WkLLCq%2FZCf9M7wdw5HsWhrPkhdJzQyvQclT7ewB7qmlYJa5Dtr09%2BNh0HT2Zn5nUV065x2l5%2FHs2b4NpQAAIm4ZTrRibkRijXlBKVhmISDRj2HERYoRx1%2BxIl1JM94Ass3Q%2FA%2BtooTpmfbO2W8%2Fhu0T%2Bp6tf%2FNExR7I7isV82uDk3hrzjnwx%2Ff4mQ9fiymYbxXsskuslJGPsbXCMo2yl%2BcH%2BgWpZlrDVmbOzDuE1cVhBhJkSWT%2Bjgpb02No0knY58IzaLr7I7FsdoBAulAxQFmBFBbwK4c%2B%2B36MjoR0mHZGobcKkIGIYO%2BlAoMabZFAWYEUFvArhqBlzXoK86lTLR4GOlHEEMTNmB2MvBtqIOzNuAhhk7MhyqzAqYnbUTqcf5%2B6iY3K0B%2BCT5naXEphCOI9TjknQuJ7VFdwxIl02betA3d5WEC8cFoJDAbJbufsLaPFJ17fAqDAbROpR%2BY6zyrgwcnEqbF5GtQmEqbZ%2BOrkoiQezkriLZYxC1uZOnYC0EhioPCOZf1kBOKm8MIFmYRPVecTmrWIbOGsL1dVkpOl%2FEHeG8k18SX54ihwkNstCOh8MDUSSirwx9enRhr7K2BSyDM1%2Bf5hTnw9hWAU2o8NKYAg27Zf8TdqzLlNP2dk3q4XCGXeriKOSlEQpcJ8bg01eYyBqEw2cDaeUcJaNr%2FGgGJuUTT0nTlqhH0w9DD3I7uBA0CYk6SfFzs7eUPEweCJYr%2BfX9c9rHZXdwVKHQOvWWgpkG1QKE6LLi2SB5l4zZ9wzkRALjB09XgpfS55qroMFtq6wbT0T4uvz5aED7OKmFNE2cXnfyqgkd9XHlCAT9MnUscNzkOCyE%2FhDYqwFaSzPRduy0%2FGtFtsLxlKl6rsnd5qT0hZW4GF%2BbXt%2FB9WpL9NxHZLg0qWb6RiWE6sdG4ZhpugP%2B4Ou%2F5NGJ0Zk%2BOV6erJ7wQUK0m0YWDNGe9eyCdOsvVPpKWbLNcRt2%2ByRPcs7sTKdkvhssv46Qo7F7q0TZCqmCvs9XQxJWU%2Bdb2ZEhZCH85Nxy5KyYpuWK%2BvNBvIeEOMSNKTcEY170KLHYEcD9lJoPcA%3D%3D&mm_sceneid=0_0_3174494334_0&a=xxc%3Dad_ztc%26mi_id%3D0000us77dr95L3pPuuyuP2tFafAJWnyQrR6NLOED_P8I6Dg%26skuId%3D6298107170744%26priceTId%3D214780b017887048499548364e109b%26utparam%3D%2525257B%25252522aplus_abtest%25252522%2525253A%2525252297785c5b5bd1804c572cba7f27d86b6c%25252522%2525257D%26&id=834771253401&spm=a21n57.1.item.1
一水肌酸99.99%高纯度快充肌酸粉300g赠耐力爆发力运动健身力量,24.8,3万+人付款,回头客1万元气码头旗舰店,//detail.tmall.com/item.htm?id=792891863360&ns=1&abbucket=7&xxc=taobaoSearch&mi_id=0000SQA3f0kVoiRNetCZafPmpvLQy9GZHd85jhOpttleRP0&skuId=5634191867606&priceTId=214780b017887048499548364e109b&utparam=%7B%22aplus_abtest%22%3A%221a2479a88cf6148f1d00869b431e821b%22%7D&spm=a21n57.1.item.2
爱兰纯一水肌酸99.99%高纯度肌酸粉300g耐力爆发力健身长增健肌肉,19.9,3万+人付款,臻补剂,//item.taobao.com/item.htm?id=835708919297&ns=1&abbucket=7&xxc=taobaoSearch&mi_id=0000wAlBWHzecR3mZUnFbc_6RLKUVVQuqPTN6KYzRxSpDkM&skuId=5823480305584&priceTId=214780b017887048499548364e109b&utparam=%7B%22aplus_abtest%22%3A%2223183c7901591ead214727fb759fc04e%22%7D&spm=a21n57.1.item.3
肌肉博士肌酸一水肌酸粉 锌镁肌酸高纯度健身运动补剂官方旗舰店,39.9,9万+人付款,肌肉博士旗舰店,//detail.tmall.com/item.htm?id=798105337288&ns=1&abbucket=7&xxc=taobaoSearch&fpChannel=101&fpChannelSig=cd3a6289d21d4bb0b4c74848ac0fc8f004515787&mi_id=0000rT1wMqG6bKPRVza_lQhF07O_39rkWZZUAkxTN_cRL9g&skuId=6193185059845&priceTId=214780b017887048499548364e109b&utparam=%7B%22aplus_abtest%22%3A%22e96833c1e98cfda90a282cb893698bbd%22%7D&spm=a21n57.1.item.4
肌肉博士肌酸一水肌酸粉高纯度健身运动营养食品官方旗舰店正品,39.9,4万+人付款,肌肉博士旗舰店,//detail.tmall.com/item.htm?id=802745261057&ns=1&abbucket=7&xxc=taobaoSearch&mi_id=0000ppRQtFfQQK3ygcR5d5j0FkVBi3VaMpjikgJPN-hkxYE&skuId=5979996224775&priceTId=214780b017887048499548364e109b&utparam=%7B%22aplus_abtest%22%3A%22cc5fdbf4cfc731a3b0689a7f38b3cecc%22%7D&spm=a21n57.1.item.5
【爆品NO1】FoYes肌酸锌镁一水肌酸粉耐力氮泵氨基酸健身增肌补剂,63,10万+人付款,回头客2万FoYes旗舰店,//detail.tmall.com/item.htm?id=767739335818&ns=1&abbucket=7&xxc=taobaoSearch&mi_id=0000XCf5Xb9fqtljVgKw8dFOiMQ8Ca0Jf35BfcwnqeIYrLo&skuId=6205772755394&priceTId=214780b017887048499548364e109b&utparam=%7B%22aplus_abtest%22%3A%2289cdb678367168c73edf65d1e7a02d3d%22%7D&spm=a21n57.1.item.6
诺特兰德肌酸一水肌酸锌镁肌酸耐力爆发力运动健身补剂非氨基酸,19.66,3万+人付款,回头客3万诺特兰德官方旗舰店,//detail.tmall.com/item.htm?id=726648410223&ns=1&abbucket=7&xxc=taobaoSearch&mi_id=0000lpUIsxIj22WiARnQ2IaW9UI3T0rBQWLaqZ8givaInBE&skuId=6286850230564&priceTId=214780b017887048499548364e109b&utparam=%7B%22aplus_abtest%22%3A%228ed98e64949ed218c92517b6b25ce82f%22%7D&spm=a21n57.1.item.7
BD能量300g罐装一水肌酸粉补剂耐力运动爆发补剂非氮泵官方正品,9.9,1万+人付款,BANNYDEER旗舰店,//detail.tmall.com/item.htm?id=706666965124&ns=1&abbucket=7&xxc=taobaoSearch&mi_id=0000WqOYwOLm4BXCcZBYoUkm4azsbn3nT45te1wNHFWHGpU&skuId=6078393249842&priceTId=214780b017887048499548364e109b&utparam=%7B%22aplus_abtest%22%3A%22d6871c77e9bb4d61b05ae1e318505f81%22%7D&spm=a21n57.1.item.8
训练怪兽一水肌酸运动健身训练营养补剂耐力爆发力氮泵锌镁肌酸粉,53,10万+人付款,6年老店训练怪兽旗舰店,//detail.tmall.com/item.htm?id=675874243731&ns=1&abbucket=7&xxc=taobaoSearch&mi_id=0000iJjb3RhYdrOlmQrxRiqZt2JhgUxTIxx2ajLUQaTKZTU&skuId=6030643473818&priceTId=214780b017887048499548364e109b&utparam=%7B%22aplus_abtest%22%3A%221e331fe52333b15648806f2c327c859d%22%7D&spm=a21n57.1.item.9
诺特兰德肌酸一水肌酸高纯度运动健身补剂爆发增肌非支链氨基酸,20.93,3万+人付款,回头客20万诺特兰德旗舰店,//detail.tmall.com/item.htm?id=924410229064&ns=1&abbucket=7&xxc=taobaoSearch&mi_id=0000QXT1UEk5H600FdN3zksMBzpiorLn9QVrAdAzXs49vlM&skuId=5897201680715&priceTId=214780b017887048499548364e109b&utparam=%7B%22aplus_abtest%22%3A%22d66ce4ebf58943defdad9efdbf018c9d%22%7D&spm=a21n57.1.item.10
凯普锐斯KEEPMOMENT肌酸粉300g一水肌酸健身体育生爆发力耐力,19.9,8000+人付款,KEEPMOMENT旗舰店,//detail.tmall.com/item.htm?id=723279686559&ns=1&abbucket=7&xxc=taobaoSearch&mi_id=0000YToFyuLs9AkA6NcLB1RdqWRsIUbbF_AngM2dpPszhMw&skuId=5345763371925&priceTId=214780b017887048499548364e109b&utparam=%7B%22aplus_abtest%22%3A%22725f47a3b419a3e3aecb1e59ff22bcdd%22%7D&spm=a21n57.1.item.11
食品级纯净一水肌酸纯粉健身增肌粉提高耐力长肌肉高纯度肌酸粉,13.4,2万+人付款,12年老店开心健身原料,//item.taobao.com/item.htm?id=673831634118&ns=1&abbucket=7&xxc=taobaoSearch&mi_id=0000gP4nubTCJ_4sX1jo8ykGZEwakIoa8EsaeSQKZFbfDDQ&skuId=4850409481986&priceTId=214780b017887048499548364e109b&utparam=%7B%22aplus_abtest%22%3A%2272c7b0aaeb1bd719b11833ffe5ab73dd%22%7D&spm=a21n57.1.item.12
FoYes锌镁肌酸180g一水肌酸耐力爆发力非氮泵氨基酸健身增肌粉男,48.9,1万+人付款,异彩运动营养店,//item.taobao.com/item.htm?id=919596837979&ns=1&abbucket=7&xxc=taobaoSearch&mi_id=0000H-1QJ_Mx1QIk8wDEHxI8zpxDWI3DsBngN3ISq3UceMU&skuId=6240431391264&priceTId=214780b017887048499548364e109b&utparam=%7B%22aplus_abtest%22%3A%225aa3fb5486fa704b8abb92929e4d64f8%22%7D&spm=a21n57.1.item.13
一水肌酸高纯度增肌粉袋装爆发力耐力运动健身补剂非氮泵纯肌酸粉,6.8,4000+人付款,5年老店汇生源生物科技,//item.taobao.com/item.htm?id=937439030984&ns=1&abbucket=7&xxc=taobaoSearch&mi_id=0000cF5UVkA3R66bJZ8nlQ29a_TQnc78uDDtcmhLVIvpO2s&skuId=5865973229165&priceTId=214780b017887048499548364e109b&utparam=%7B%22aplus_abtest%22%3A%2273a0110ee96546a0ea21718133c112d7%22%7D&spm=a21n57.1.item.14
磅普锌镁肌酸粉300g高纯度99.99%果味肌酸健身补剂引爆肌力非氮泵,26.8,3000+人付款,磅普食品旗舰店,//detail.tmall.com/item.htm?id=1037797426895&ns=1&abbucket=7&xxc=taobaoSearch&mi_id=0000UfBaiq18Yd3Dqcp2vmGnnyyP6DGMbiRVrnE082w-26Y&skuId=6056895381862&priceTId=214780b017887048499548364e109b&utparam=%7B%22aplus_abtest%22%3A%22d580a454cde51e7f6098f2503fc91e0a%22%7D&spm=a21n57.1.item.17
训练怪兽一水肌酸男女肌酸运动健身训练营养补剂增耐力肌酸粉官方,53,6000+人付款,6年老店训练怪兽旗舰店,//detail.tmall.com/item.htm?id=1057940758778&ns=1&abbucket=7&xxc=taobaoSearch&mi_id=0000rq4KzzVG7y6K-2lgMrW0vNyrAtXKQ5uJHz1D7CqktIs&skuId=6108009292136&priceTId=214780b017887048499548364e109b&utparam=%7B%22aplus_abtest%22%3A%22140dd763acc002ce73e8964bb285286d%22%7D&spm=a21n57.1.item.18
一水肌酸原粉 纯肌酸粉 食品级高纯度肌酸粉健身增肌粉提高爆发力,7.71,6000+人付款,14年老店尚宏生物科技,//item.taobao.com/item.htm?id=670900610588&ns=1&abbucket=7&xxc=taobaoSearch&mi_id=0000QWnELadSdKNaJHGgrgmOOchgGiMUY6a5Y9iQ4eA9cLI&skuId=4857161780844&priceTId=214780b017887048499548364e109b&utparam=%7B%22aplus_abtest%22%3A%227e684f67de1bce7fe8fa5b314517b2b8%22%7D&spm=a21n57.1.item.19
肌肉博士肌酸一水肌酸粉红牛风味运动营养谷氨酰胺锌镁粉健身补剂,39.9,3万+人付款,肌肉博士旗舰店,//detail.tmall.com/item.htm?id=797919427138&ns=1&abbucket=7&xxc=taobaoSearch&mi_id=0000-3-U2Fi4VNhtNnX853uAsuiYv-FZI4KjY8iSZIJCdg8&skuId=5949965729098&priceTId=214780b017887048499548364e109b&utparam=%7B%22aplus_abtest%22%3A%22e9421362e648e28a7b2d04080448f92d%22%7D&spm=a21n57.1.item.20
诺特兰德肌酸一水肌酸正品运动健身补剂非氮泵氨基酸,19.8,2000+人付款,常乐运动补剂商城,//item.taobao.com/item.htm?id=730433180338&ns=1&abbucket=7&xxc=taobaoSearch&mi_id=0000rf_Smm8iCT_f3ErHP5B8f3hni2pw3G-DQvrgbsvuAsU&skuId=5435267916609&priceTId=214780b017887048499548364e109b&utparam=%7B%22aplus_abtest%22%3A%22283d27172ed76bc5819e6ef4b178768b%22%7D&spm=a21n57.1.item.21
凯普锐斯KEEP MOMENT一水肌酸粉300g高纯肌酸粉补剂健身非氮泵,19.9,1000+人付款,KEEP MOMENT企业店,//item.taobao.com/item.htm?id=708998278054&ns=1&abbucket=7&xxc=taobaoSearch&mi_id=0000O55L0U5qv-QlJF9bPnDywOHVdYONFwpsuKHPA_xfiYM&skuId=5530433009865&priceTId=214780b017887048499548364e109b&utparam=%7B%22aplus_abtest%22%3A%22202b8b005e4834d8209877f5fad101ea%22%7D&spm=a21n57.1.item.22
爱兰纯一水肌酸99.99%高纯度肌酸粉300g健身耐力爆发力非氮泵bcaa,19.9,3000+人付款,超人 补剂,//item.taobao.com/item.htm?id=676121492633&ns=1&abbucket=7&xxc=taobaoSearch&mi_id=0000wCKGDQKYJ6UvCExf8jfcYkm55IRe37qhi5zZLTdetG8&skuId=5189320046061&priceTId=214780b017887048499548364e109b&utparam=%7B%22aplus_abtest%22%3A%22a10c0da97d1149e71ea6eaf5f77a133a%22%7D&spm=a21n57.1.item.23
康比特炽金纯肌酸粉锌镁一水肌酸健身补剂力量爆发力耐力运动增肌,63,7000+人付款,回头客2万康比特品质店,//item.taobao.com/item.htm?id=768263999608&ns=1&abbucket=7&xxc=taobaoSearch&mi_id=0000yOykuEQGENxSXsvCjTuATIsUiyO25GURxJuhHZz6wCo&skuId=6180798059142&priceTId=214780b017887048499548364e109b&utparam=%7B%22aplus_abtest%22%3A%22286450306881fa63ac27bfc0b30dc37d%22%7D&spm=a21n57.1.item.24
FoYes快充肌酸便携高纯锌镁一水肌酸耐力非氮泵健身增肌粉小袋装,7.9,4000+人付款,异彩运动营养店,//item.taobao.com/item.htm?id=918691195878&ns=1&abbucket=7&xxc=taobaoSearch&mi_id=0000CdTq97xmNyBySnHaPFYXIulkKjpYsd_Vjl1wWm9f5fA&skuId=6292402815903&priceTId=214780b017887048499548364e109b&utparam=%7B%22aplus_abtest%22%3A%221f8b29a9ca53b6b7112c3f48e5f8d4b4%22%7D&spm=a21n57.1.item.25
迈斯朋克一水肌酸运动健身训练营养补剂耐力爆发力氮泵锌镁肌酸粉,28.42,2000+人付款,迈斯朋克焱焱专卖店,//detail.tmall.com/item.htm?id=999382488429&ns=1&abbucket=7&xxc=taobaoSearch&mi_id=0000UmTX9rJ4A16Cs0A48RGknvlZGv0bG2HBqlEfWaQ6qkM&skuId=5985210245614&priceTId=214780b017887048499548364e109b&utparam=%7B%22aplus_abtest%22%3A%22e80f6a7f489b448d84f1ea29057d9eb2%22%7D&spm=a21n57.1.item.26
米当卡快充肌酸高纯度一水肌酸粉耐力爆发力非氮泵氨基酸健身增肌,23.2,8000+人付款,回头客6万米当卡旗舰店,//detail.tmall.com/item.htm?id=854664203116&ns=1&abbucket=7&xxc=taobaoSearch&mi_id=0000Q3GedrTPvBgv5oWv2BjWSlNytIZdRjnjam23QjdhhXY&skuId=5826692263552&priceTId=214780b017887048499548364e109b&utparam=%7B%22aplus_abtest%22%3A%22c994c77ec3d4c054c4e85a0899801612%22%7D&spm=a21n57.1.item.27
康比特锌镁肌酸粉100g高纯度肌酸速度爆发力力量运动健身营养粉,31.9,2000+人付款,异彩运动营养店,//item.taobao.com/item.htm?id=946140744606&ns=1&abbucket=7&xxc=taobaoSearch&mi_id=0000gOT7Q7lXrqI6UOjq5wfDyfUwgIPMzzXOT21XhdT22QI&skuId=6279067231944&priceTId=214780b017887048499548364e109b&utparam=%7B%22aplus_abtest%22%3A%221a9e7902eaafbcb267b037344c01b5f9%22%7D&spm=a21n57.1.item.28
肌肉博士肌酸一水肌酸软糖便携健身训练运动增肌营养正品旗舰店,49,5000+人付款,肌肉博士旗舰店,//detail.tmall.com/item.htm?id=1049859360303&ns=1&abbucket=7&xxc=taobaoSearch&mi_id=000050LfGaJMijmg9J14Ak5QlZKDeXJjzT_4rTj8EuDUv1U&skuId=6270651811617&priceTId=214780b017887048499548364e109b&utparam=%7B%22aplus_abtest%22%3A%221133c5867895eff11bbcf9a9daf97c06%22%7D&spm=a21n57.1.item.29
HotRule一水肌酸粉锌镁肌酸粉耐力健身增肌力量非氮泵氨基酸补剂,38.41,1万+人付款,Hot Rule旗舰店,//detail.tmall.com/item.htm?id=905087865082&ns=1&abbucket=7&xxc=taobaoSearch&mi_id=0000HtsJpxbVtp-amWB9cgX0lCSMsK8o7oqenTIFQvfKXwQ&skuId=6279964270703&priceTId=214780b017887048499548364e109b&utparam=%7B%22aplus_abtest%22%3A%22d53b5a56759f7e29ccb9b47b27d877a6%22%7D&spm=a21n57.1.item.30
BD必第能量一水肌酸多口味肌酸粉100g袋装爆发力耐力健身A类补剂,9.9,8000+人付款,BANNYDEER旗舰店,//detail.tmall.com/item.htm?id=856801376795&ns=1&abbucket=7&xxc=taobaoSearch&mi_id=0000L2kYURig7T5dgpmfoSgH5Cxj3SnkAcXbDCUoKF_5KPc&skuId=6078409473692&priceTId=214780b017887048499548364e109b&utparam=%7B%22aplus_abtest%22%3A%224555d8c8780732c0bc9bf8fc87bfbb41%22%7D&spm=a21n57.1.item.32
Myprotein 一水肌酸粉运动增肌健身训练营养补剂耐力爆发力,48.21,3000+人付款,回头客9万Myprotein海外旗舰店,//detail.tmall.com/item.htm?id=539413299568&ns=1&abbucket=7&xxc=taobaoSearch&mi_id=0000n7U3K5f2rNe3wktike-T0k_RZPY88HI8sHvAAkv0SZo&skuId=6128129437129&priceTId=214780b017887048499548364e109b&utparam=%7B%22aplus_abtest%22%3A%22501b803714c52d0bc16c2ce93b534e7f%22%7D&spm=a21n57.1.item.33
康比特肌酸锌镁一水肌酸粉耐力爆发力运动健身增肌补剂官方旗舰店,73,7万+人付款,回头客10万康比特体育科技旗舰店,//detail.tmall.com/item.htm?id=640468642224&ns=1&abbucket=7&xxc=taobaoSearch&mi_id=0000Ye_xGYGCRlnkvECfGlV4n-7EQHiTrvI3ft5R4vydDSc&skuId=6248616530251&priceTId=214780b017887048499548364e109b&utparam=%7B%22aplus_abtest%22%3A%22008f96e28a77b600f82e78f34d595e0a%22%7D&spm=a21n57.1.item.34
元气码头一水肌酸粉男女健身运动补剂一水肌酸300克,22.8,3000+人付款,肌肉英雄运动营养,//item.taobao.com/item.htm?id=807158966777&ns=1&abbucket=7&xxc=taobaoSearch&mi_id=0000UmSoUTLD6xOGm4EfBgVBAzosBVL-Mhuu1rBSTLdkHKY&skuId=5570661872067&priceTId=214780b017887048499548364e109b&utparam=%7B%22aplus_abtest%22%3A%226e2116763ff0891c5ad8364371e3034e%22%7D&spm=a21n57.1.item.35
肌肉博士肌酸一水肌酸粉果味高纯度300g增健肌耐力爆发力运动健身,39.9,5000+人付款,9年老店AD健身补剂,//item.taobao.com/item.htm?id=764639823319&ns=1&abbucket=7&xxc=taobaoSearch&mi_id=0000idauFp7eWK-jHTupeogfFUHYIIMIaCqKf-__c2BTHo4&skuId=5749034932687&priceTId=214780b017887048499548364e109b&utparam=%7B%22aplus_abtest%22%3A%22a3eaa7517361b4ed2ad26cd17c8f30b8%22%7D&spm=a21n57.1.item.36
bd必第能量一水肌酸100克袋装多口味性价比99.99纯度健身运动耐力,8.9,5000+人付款,9年老店健美黑军健美补剂正品店,//item.taobao.com/item.htm?id=838200077424&ns=1&abbucket=7&xxc=taobaoSearch&mi_id=0000ncXQiQpznpKaKHThGVufIYUtiKlwKpJ5mX3TQ-Go3jc&skuId=5947452469601&priceTId=214780b017887048499548364e109b&utparam=%7B%22aplus_abtest%22%3A%227411cd8f6d479020d4f6bc8b1f50e355%22%7D&spm=a21n57.1.item.37
训练怪兽一水肌酸男女运动营养补剂耐力爆发力女性谷氨健身氨基酸,51,2万+人付款,回头客400万阿里健康大药房,//detail.tmall.com/item.htm?id=971325805779&ns=1&abbucket=7&xxc=taobaoSearch&mi_id=0000HrHt6Hex7aU8bTSMMfatP2jKdWR6grPS0GM-gtLXmYs&skuId=6206532770859&priceTId=214780b017887048499548364e109b&utparam=%7B%22aplus_abtest%22%3A%2250ecaf797144684ba8a269bca8454da7%22%7D&spm=a21n57.1.item.38
99.99%欧力普一水肌酸健身运动补剂纯肌酸粉爆发肌肉非锌镁肌酸,27.9,1万+人付款,欧力普旗舰店,//detail.tmall.com/item.htm?id=811211584453&ns=1&abbucket=7&xxc=taobaoSearch&mi_id=0000yXdUtnPHELEziohKcbCYZUzbStj14NDYjnQ0Jb3hOrU&skuId=5987898745111&priceTId=214780b017887048499548364e109b&utparam=%7B%22aplus_abtest%22%3A%228291a3de20bf61b4183d5178986885a7%22%7D&spm=a21n57.1.item.39
诺特兰德肌酸一水肌酸耐力爆发力运动非支链BCAA健身增肌正品,18.81,900+人付款,回头客1000万天猫超市,//detail.tmall.com/item.htm?id=743389897392&ns=1&abbucket=7&xxc=taobaoSearch&mi_id=0000tOtm4FIVNGnr1n8KT5E8rM9WvtfxMYxhZjQ1DGCWvTE&skuId=5125286280790&priceTId=214780b017887048499548364e109b&utparam=%7B%22aplus_abtest%22%3A%22c7fe143fcb737916c933406e35f8ab34%22%7D&spm=a21n57.1.item.40
诺特兰德肌酸一水肌酸载体肌酸补剂纯肌酸粉体育生锌镁肌酸片,9.3,500+人付款,兰博运动营养,//item.taobao.com/item.htm?id=994368115528&ns=1&abbucket=7&xxc=taobaoSearch&mi_id=0000jLA73drgRkIMjZfBUriM035stYO7hXBqWaiAw22Tb2E&skuId=5974194908634&priceTId=214780b017887048499548364e109b&utparam=%7B%22aplus_abtest%22%3A%22911813ac8191f6b1359239d1cc0ef702%22%7D&spm=a21n57.1.item.41
UP训练怪兽一水肌酸袋装便携条装肌酸运动营养补剂耐力爆发力,17.91,1万+人付款,6年老店训练怪兽旗舰店,//detail.tmall.com/item.htm?id=843420026132&ns=1&abbucket=7&xxc=taobaoSearch&mi_id=0000cW1z_rowUadi3Fkg7r47QW7NDvgktAuwqd3jYzIG0xI&skuId=6248018559653&priceTId=214780b017887048499548364e109b&utparam=%7B%22aplus_abtest%22%3A%225f4d14d14ea9c29653adaa51b14df20f%22%7D&spm=a21n57.1.item.42
肌肉博士肌酸粉300克一水肌酸锌镁肌酸增肌健身男女爆发耐力,39.9,5000+人付款,正品奥赛周边,//item.taobao.com/item.htm?id=674263240568&ns=1&abbucket=7&xxc=taobaoSearch&mi_id=0000qhrQnFqkLf1V2M_STOtNQYfkQk14OcV15P2PBC_cdx4&skuId=6014694481610&priceTId=214780b017887048499548364e109b&utparam=%7B%22aplus_abtest%22%3A%22ca252d28efd5890e85428893d20fe24c%22%7D&spm=a21n57.1.item.43
Myprotein己能 熊猫一水肌酸健身补剂增强耐力爆发运动营养品250g,71.91,3万+人付款,回头客9万Myprotein海外旗舰店,//detail.tmall.com/item.htm?id=606699958890&ns=1&abbucket=7&xxc=taobaoSearch&mi_id=0000TvvtwE4tK8sb6veeF1mc61xzmJk_1It5Wipp2pcpZII&skuId=6222566027276&priceTId=214780b017887048499548364e109b&utparam=%7B%22aplus_abtest%22%3A%22a9ce6a288822664e52f3f3ed90c90aa7%22%7D&spm=a21n57.1.item.44
ON 奥普帝蒙 绿标一水肌酸粉100g/200g肌酸男女健身粉,69,4万+人付款,6年老店ON奥普帝蒙旗舰店,//detail.tmall.com/item.htm?id=619646208020&ns=1&abbucket=7&xxc=taobaoSearch&mi_id=0000zjCiNGXMpi9hj9OXlLJAjAq8aU5Sfne3IlmMR6fVs-Q&skuId=6241070426620&priceTId=214780b017887048499548364e109b&utparam=%7B%22aplus_abtest%22%3A%22d42c29b1530fcc8b6682b558bf0f5146%22%7D&spm=a21n57.1.item.45
【回购正装立减5元】FoYes快充肌酸一水锌镁肌酸粉力量耐力爆发力,6.07,8000+人付款,FoYes运动营养旗舰店,//detail.tmall.com/item.htm?id=1026752606293&ns=1&abbucket=7&xxc=taobaoSearch&mi_id=0000L6-eh3DSShop1eip2zkH4I5hqsnB4BoqTO2l252t7jo&skuId=6203896167758&priceTId=214780b017887048499548364e109b&utparam=%7B%22aplus_abtest%22%3A%221ec844bd92e8e4fd2ab5eeb49b86ee73%22%7D&spm=a21n57.1.item.46
myprotein熊猫纯一水肌酸健身运动学生爆发力耐力非氮泵英国进口,47.9,6000+人付款,乘峰运动,//item.taobao.com/item.htm?id=940502786517&ns=1&abbucket=7&xxc=taobaoSearch&mi_id=0000-L97MbUNKKOld1fXnZokibQesmbST9orKrTw8aI1maw&skuId=6004730102861&priceTId=214780b017887048499548364e109b&utparam=%7B%22aplus_abtest%22%3A%228cd8608911d51dc6b4baf489e63e50af%22%7D&spm=a21n57.1.item.47
康比特纯一水肌酸耐力爆发增肌运动健身补剂锌镁肌酸粉官方旗舰店,73,2万+人付款,回头客10万康比特体育科技旗舰店,//detail.tmall.com/item.htm?id=595111277563&ns=1&abbucket=7&xxc=taobaoSearch&mi_id=00009ndV0ik86TvGg9kUhWYTyigRfQYOzlH5xecXLynSWZ0&skuId=6272044662052&priceTId=214780b017887048499548364e109b&utparam=%7B%22aplus_abtest%22%3A%22d2bc232951c0be9d724d4d9d288cc7b8%22%7D&spm=a21n57.1.item.48
bd必第能量一水肌酸粉纯肌酸粉100g健身运动力量耐力爆发力氨基酸,9.9,1万+人付款,老伟的皇冠补剂店,//item.taobao.com/item.htm?id=845418378705&ns=1&abbucket=7&xxc=taobaoSearch&mi_id=000012GAjYWzjivhvSeZRpHZTlnDJK9qIRUQjmm11qHNwQo&skuId=6129333545918&priceTId=214780b017887048499548364e109b&utparam=%7B%22aplus_abtest%22%3A%229a2887a52ca98c623c71661be079cf95%22%7D&spm=a21n57.1.item.49
美国ON奥普帝蒙欧普特蒙纯肌酸粉健身一水肌酸氮泵力量爆发力300g,103.95,2万+人付款,黑黑老大的地盘,//item.taobao.com/item.htm?id=704184813217&ns=1&abbucket=7&xxc=taobaoSearch&mi_id=0000fvlwD6GQZp_jry7-iyO_EUEHt2N7raRE-o6Wx8v_oEw&skuId=5250408188936&priceTId=214780b017887048499548364e109b&utparam=%7B%22aplus_abtest%22%3A%22289c1dac0cbacab75357b857d601cadf%22%7D&spm=a21n57.1.item.50
FoYes肌酸锌镁一水肌酸粉耐力非氮泵氨基酸健身增肌补剂旗舰正品,53,3万+人付款,回头客400万阿里健康大药房,//detail.tmall.com/item.htm?id=904795850196&ns=1&abbucket=7&xxc=taobaoSearch&mi_id=0000c4Dpxf9gDkg8IpUVfoVNGNd5d3C_Q-yDz41vVoB4yJY&skuId=5953888180490&priceTId=214780b017887048499548364e109b&utparam=%7B%22aplus_abtest%22%3A%228f12a6bbfe068dfc8300742e9257afe5%22%7D&spm=a21n57.1.item.51
BD能量高纯一水肌酸粉袋装100g健身运动力量耐力爆发力非氮泵,9.9,3万+人付款,BANNYDEER旗舰店,https://click.simba.taobao.com/cc_im?p=%BC%A1%CB%E1&s=499726074&k=2649&e=ePI9lk8ZFS83ZIr1kL68wcKDi%2BgxhtCqofTtrvzu%2FTdT8XJhh4PlbPmvUOk%2FwVqChD6StTzliLO0WYbUJ6O%2BM6TWTEnkPXWcv6qjmN1o%2Bn2RHiB5sGIbODLdZnVdiHlyzIerxKL0ouXuG0IDMZy%2FMa4bWvyzZT2XVDXJSRV9PIRv5mWDnB7a4xxWUScQ7DDq07Zhj5IxNVLmlwypF6tCQI5BgrIf%2FBA2NtU4KcO4wof4NZTEBb70ytxvlqbmU3cY6QtoyYFIQp%2Fuc5dRchmtv%2BMaG3o1TgaQyUceFN0Nmz%2B4FCd9unZQiTybR%2BZdPEGYTwM18dBX0TURFFai%2FPvtsp7dxPKeTZmvWJpDbQZy2jOC7QNvyzXSbdEds61cGVJSyyxpOru40%2FyiI2kFjbwFPWg63JTTD9dal7k1BrglZSkSomvN8eatU8WwmnhWxwLsABS1Fr1lzNR9495BefIeROb5xIoPIpm7GAJn8dLsKEbCjlWKbktvgH0rsWRGFoYz3uFfEM0YLfHqyNRJAyN0T9FWPj8OO4wO%2F2KD1pPH0IHVxmqxNw1yw6aHFsoFTAqdJ%2BkK2xC%2FwHFcxYv2NMQIUMskUztwZ47xXOgxYN3nYBJhkwWtr%2FIacbgIBowCbrUv2S3bqpB0NNPz%2FLiUmCp%2B%2FZ%2FmFSraMT7zUis42RvE7WSokCfeOALnqxNprIn1Yodgi9NXUXzK3YdkvZ9dZ3h1B%2BIhqUQgUOBK0PbaqQaxJCI1YSlKu8%2BR8wgN%2FrJrcjqLfvZoTJnC2%2F2xj5udW%2BKBK5R2c%2B0RT79%2B5o8m95QFP1dDYzpRWK1%2BEJfOl3Ptat2d%2F9ePZNjiXi4wfPdO6bTH0Hdk9ugWElz2rHPlToSyVKCHur%2BlOz244enyqJY%2FCAR9TGRvjgXm9hVmi4CfP5eS%2BUSWZtLk%2BdQXtH5SzF3LdQf83LdRxUUhZFETrMqqzoc2gNHHQsOSS8poMvZRJkwFzKpDxRvIS0dhwqHHiAPg7DO8wP0gpdjOoIz%2BbxR8WWjMGSW7kZexS677qiO3vo7IIbFbDdcIIxiucRtPU%2BI8gtZw0MKvOCimkcys4v8RjiOhRlsZgDpRAClW%2BIsHlbKPhbw%2FYbfSWaJkI6QHrnS6i6ZvaGHRG%2Fq8%2FVMQqUs6e0THKJHqZ4C4cI7Axivi%2FgXC5rvpPloOa78oT44bmL3pzMb9fMfF%2BMQCoXdk9ugWElz2klawwSOCzs4C6qSFro%2BmdqW8Mp1QOEWsnBOJAJldpHclQBPGBmtaaV44bTyWvw57YGlbTROE%2FA4UaRN7sQGND2xI9d0ZluJZLlSfFou7T3i3LOiNTNsXFE4ICCEUe81oMrQVb9t6YfIR5CWweQYRx3xbKcNIf9xYLTolPRtHpBySjtTa%2FtoQia%2BBKMpLfOH0u5AoTVTnfVABUI8tl1lsICEaIZ10tjGeRw5utqbVtAItRKFoMmyptLTf1PCC%2BLmVNiJdiD5k67mj3Qt1Ar5QFi%2FXgVdL0I9kM2j5AykzghlSmymLFb8u9tnrItHpksxlLNMjkDrLFWPQjI14FxfqYiCLqFOrGWs0s1dZvGSvF%2B06F0pDmUc1%2BxxdhCY%2B3jxSaIK8Efyhg%2By%2BDI9L3IBQhMLm3U3l63evdI0TV7Jya235vytGqkNgo8NOV3is4GbkNxKNfxC3yRFu0P%2BU9l%2Ffu99Y%2Bp76zjB6bxpFLFDiHABVR%2BYN2Ur41Yed1RcDKDiKr9c2prhy96Gw8RtNfR8UOkqDc3zP6UT5kYvKiIUwcDaa%2Fefw4yMu62m37zlLfd6oODNQA7sToNRrQQpAAmiIAosWhkYMejnV6yFjnLZdkvuTEdExKgy3i9RtLZ0eVVn2WhApMG3%2FGxyYXfmg6f0ZFWigZvfdJ3CR1G0tnR5VWfb0bgrz0NFOtK%2FtDG8ZYhMTAfIu6vaSxZ2x9m%2BtGveQyJ%2B2OmD%2Fw9cDUkoPxUmX%2FKDa68HgaY2n89SqyOTiE%2FDMlGZoaY3Q0LavSvcRb6H1%2BayqJQYeRjLSaC7cW7Lo6HLnXX8GAcbSr6Y3CsuXZvvEARl4LfzvB1qU4n82nDejNfWq5VyUZNDznwOtLodOWFqerzcNBVp4HlSyuifDaK00dAS4mSjN398kRW3QgoMnW5QGRpMEgmUhdg4I9VWjJq68radERCpJ0OdW2zdP%2FuKqja%2FAd1i4nPkTPjnpplU3Wtr5ZLDM8N%2FSyHnD3DZt%2BDhbLq7fdnrZ9rusPFSfDOoF9ZGYmmbX3EINETtUMwTI1nd4cL4gXaJvwh6FZreNNvQZUoNYK8fBIXARESnyeiHNdgdytuJwhVopqtCd3tkrUPuu2LH9mctV5KH4tpJ4JZmBxQ6CDDhihKpos1eHnZyGo4DE8Qc5r2%2FbFHZq%2FweFigdI82GgQFdqmIRMZx%2BqippDbPCUNynjYHdk9ugWElz2MmOVTd4ZPwNNl%2ByncVfeUeAqaomIwuM4IrGVe4eCXh1nERr5VSteoVQAXljPBYhzRlvgdIGcX3oeJNvwN4hxtYpnrEVYBP%2FYbYscQbit3PD8F%2BW%2FN%2FgyCTq3E0OJr5Z1PdBvqtcgRMu1edYpQBdN6hnxCAL0BMFbIIuoU6sZazRXlcUTWXSBh6U4K7kITVbDvWkCQy7IyFjLN3Ngz201zA%3D%3D&mm_sceneid=0_0_3174494334_0&a=xxc%3Dad_ztc%26mi_id%3D0000us77dr95L3pPuuyuP2tFaULkrHs79tpGpJJsP2NODPM%26skuId%3D6298107170744%26priceTId%3D214780b017887048604868877e109b%26utparam%3D%2525257B%25252522aplus_abtest%25252522%2525253A%25252522d57ed6095db97f796973edad81be99e4%25252522%2525257D%26&id=834771253401&spm=a21n57.1.item.1
一水肌酸99.99%高纯度快充肌酸粉300g赠耐力爆发力运动健身力量,24.8,3万+人付款,回头客1万元气码头旗舰店,//detail.tmall.com/item.htm?id=792891863360&ns=1&abbucket=7&xxc=taobaoSearch&mi_id=0000SQA3f0kVoiRNetCZafPmpnGdA7eaCoihvoz0LUImQMY&skuId=5634191867606&priceTId=214780b017887048604868877e109b&utparam=%7B%22aplus_abtest%22%3A%22aeb39f134cadfd38cbe42d792e6cdc31%22%7D&spm=a21n57.1.item.2
爱兰纯一水肌酸99.99%高纯度肌酸粉300g耐力爆发力健身长增健肌肉,19.9,3万+人付款,臻补剂,//item.taobao.com/item.htm?id=835708919297&ns=1&abbucket=7&xxc=taobaoSearch&mi_id=0000wAlBWHzecR3mZUnFbc_6RIGnHvAv0jImA2tU3TPxl0I&skuId=5823480305584&priceTId=214780b017887048604868877e109b&utparam=%7B%22aplus_abtest%22%3A%221a0c06e900917ad7dcc2b49c04fd4fd3%22%7D&spm=a21n57.1.item.3
肌肉博士肌酸一水肌酸粉 锌镁肌酸高纯度健身运动补剂官方旗舰店,39.9,9万+人付款,肌肉博士旗舰店,//detail.tmall.com/item.htm?id=798105337288&ns=1&abbucket=7&xxc=taobaoSearch&fpChannel=101&fpChannelSig=cd3a6289d21d4bb0b4c74848ac0fc8f004515787&mi_id=0000rT1wMqG6bKPRVza_lQhF0xPo6ehTMlASrlLqWP-VQqI&skuId=6193185059845&priceTId=214780b017887048604868877e109b&utparam=%7B%22aplus_abtest%22%3A%224be272ba2a4743677fdc0ddd7438ae0e%22%7D&spm=a21n57.1.item.4
肌肉博士肌酸一水肌酸粉高纯度健身运动营养食品官方旗舰店正品,39.9,4万+人付款,肌肉博士旗舰店,//detail.tmall.com/item.htm?id=802745261057&ns=1&abbucket=7&xxc=taobaoSearch&mi_id=0000ppRQtFfQQK3ygcR5d5j0FscTcYRlBx8m6HEx25GDquw&skuId=5979996224775&priceTId=214780b017887048604868877e109b&utparam=%7B%22aplus_abtest%22%3A%220405b4c0625e441e0ea8cd155f813aaa%22%7D&spm=a21n57.1.item.5
【爆品NO1】FoYes肌酸锌镁一水肌酸粉耐力氮泵氨基酸健身增肌补剂,63,10万+人付款,回头客2万FoYes旗舰店,//detail.tmall.com/item.htm?id=767739335818&ns=1&abbucket=7&xxc=taobaoSearch&mi_id=0000XCf5Xb9fqtljVgKw8dFOiCpuVz6X25pHtvoP0Jk3qec&skuId=6205772755394&priceTId=214780b017887048604868877e109b&utparam=%7B%22aplus_abtest%22%3A%22163b27b766d4067446b3253e80fbd329%22%7D&spm=a21n57.1.item.6
诺特兰德肌酸一水肌酸锌镁肌酸耐力爆发力运动健身补剂非氨基酸,19.66,3万+人付款,回头客3万诺特兰德官方旗舰店,//detail.tmall.com/item.htm?id=726648410223&ns=1&abbucket=7&xxc=taobaoSearch&mi_id=0000lpUIsxIj22WiARnQ2IaW9UTXd6UoYlDuR20XO_GkMlQ&skuId=6286850230564&priceTId=214780b017887048604868877e109b&utparam=%7B%22aplus_abtest%22%3A%22a4b37037d109eb7b3117a4291ee8e28f%22%7D&spm=a21n57.1.item.7
BD能量300g罐装一水肌酸粉补剂耐力运动爆发补剂非氮泵官方正品,9.9,1万+人付款,BANNYDEER旗舰店,//detail.tmall.com/item.htm?id=706666965124&ns=1&abbucket=7&xxc=taobaoSearch&mi_id=0000WqOYwOLm4BXCcZBYoUkm4b8jO6SEL1ZfHOqGu_LrO-E&skuId=6078393249842&priceTId=214780b017887048604868877e109b&utparam=%7B%22aplus_abtest%22%3A%22712d87ff731d552404d7691c4a30ad34%22%7D&spm=a21n57.1.item.8
训练怪兽一水肌酸运动健身训练营养补剂耐力爆发力氮泵锌镁肌酸粉,53,10万+人付款,6年老店训练怪兽旗舰店,//detail.tmall.com/item.htm?id=675874243731&ns=1&abbucket=7&xxc=taobaoSearch&mi_id=0000iJjb3RhYdrOlmQrxRiqZt8K64ESUdHK6sIguzCq5n04&skuId=6030643473818&priceTId=214780b017887048604868877e109b&utparam=%7B%22aplus_abtest%22%3A%2230d3f6c6aaa40aa05cc3337577fd88f8%22%7D&spm=a21n57.1.item.9
诺特兰德肌酸一水肌酸高纯度运动健身补剂爆发增肌非支链氨基酸,20.93,3万+人付款,回头客20万诺特兰德旗舰店,//detail.tmall.com/item.htm?id=924410229064&ns=1&abbucket=7&xxc=taobaoSearch&mi_id=0000QXT1UEk5H600FdN3zksMB53KIwtORp2S5tMyWHwASuc&skuId=5897201680715&priceTId=214780b017887048604868877e109b&utparam=%7B%22aplus_abtest%22%3A%2258c9ed6a00c948e0753bbb02b82093e8%22%7D&spm=a21n57.1.item.10
凯普锐斯KEEPMOMENT肌酸粉300g一水肌酸健身体育生爆发力耐力,19.9,8000+人付款,KEEPMOMENT旗舰店,//detail.tmall.com/item.htm?id=723279686559&ns=1&abbucket=7&xxc=taobaoSearch&mi_id=0000YToFyuLs9AkA6NcLB1Rdqfo5huyZRYHg7K5h1nUDklQ&skuId=5345763371925&priceTId=214780b017887048604868877e109b&utparam=%7B%22aplus_abtest%22%3A%22f71b56bc2009dc355fae7947508e2b22%22%7D&spm=a21n57.1.item.11
食品级纯净一水肌酸纯粉健身增肌粉提高耐力长肌肉高纯度肌酸粉,13.4,2万+人付款,12年老店开心健身原料,//item.taobao.com/item.htm?id=673831634118&ns=1&abbucket=7&xxc=taobaoSearch&mi_id=0000gP4nubTCJ_4sX1jo8ykGZAvQs2MdL-qCXYqnzVEmInA&skuId=4850409481986&priceTId=214780b017887048604868877e109b&utparam=%7B%22aplus_abtest%22%3A%22f9afa9c9ec76d899d0c58a89180f5e43%22%7D&spm=a21n57.1.item.12
FoYes锌镁肌酸180g一水肌酸耐力爆发力非氮泵氨基酸健身增肌粉男,48.9,1万+人付款,异彩运动营养店,//item.taobao.com/item.htm?id=919596837979&ns=1&abbucket=7&xxc=taobaoSearch&mi_id=0000H-1QJ_Mx1QIk8wDEHxI8zuhbB9KHgPgjkUzu2iQg-DU&skuId=6240431391264&priceTId=214780b017887048604868877e109b&utparam=%7B%22aplus_abtest%22%3A%222fe2abcc427b2e6ec4fd8d09926a518e%22%7D&spm=a21n57.1.item.13
一水肌酸高纯度增肌粉袋装爆发力耐力运动健身补剂非氮泵纯肌酸粉,6.8,4000+人付款,5年老店汇生源生物科技,//item.taobao.com/item.htm?id=937439030984&ns=1&abbucket=7&xxc=taobaoSearch&mi_id=0000cF5UVkA3R66bJZ8nlQ29ayL_aH3FTQsSnEeoNeP1Wvc&skuId=5865973229165&priceTId=214780b017887048604868877e109b&utparam=%7B%22aplus_abtest%22%3A%22e9f0c2ae374e750cfc9628597a87d546%22%7D&spm=a21n57.1.item.14
磅普锌镁肌酸粉300g高纯度99.99%果味肌酸健身补剂引爆肌力非氮泵,26.8,3000+人付款,磅普食品旗舰店,//detail.tmall.com/item.htm?id=1037797426895&ns=1&abbucket=7&xxc=taobaoSearch&mi_id=0000UfBaiq18Yd3Dqcp2vmGnn7xlf0TwlnUJMZK-ENwuZig&skuId=6056895381862&priceTId=214780b017887048604868877e109b&utparam=%7B%22aplus_abtest%22%3A%224e1fa36a9ef6e03159345560f40c902a%22%7D&spm=a21n57.1.item.17
训练怪兽一水肌酸男女肌酸运动健身训练营养补剂增耐力肌酸粉官方,53,6000+人付款,6年老店训练怪兽旗舰店,//detail.tmall.com/item.htm?id=1057940758778&ns=1&abbucket=7&xxc=taobaoSearch&mi_id=0000rq4KzzVG7y6K-2lgMrW0vFjR4mo21d3h2idcLlN33hI&skuId=6108009292136&priceTId=214780b017887048604868877e109b&utparam=%7B%22aplus_abtest%22%3A%22c84e7ef3dddd5348867e6e646a7f3461%22%7D&spm=a21n57.1.item.18
一水肌酸原粉 纯肌酸粉 食品级高纯度肌酸粉健身增肌粉提高爆发力,7.71,6000+人付款,14年老店尚宏生物科技,//item.taobao.com/item.htm?id=670900610588&ns=1&abbucket=7&xxc=taobaoSearch&mi_id=0000QWnELadSdKNaJHGgrgmOOboKExKkf88hw5tV08ckYq0&skuId=4857161780844&priceTId=214780b017887048604868877e109b&utparam=%7B%22aplus_abtest%22%3A%22bae1f16354a6f16e345f3d4fef33033b%22%7D&spm=a21n57.1.item.19
肌肉博士肌酸一水肌酸粉红牛风味运动营养谷氨酰胺锌镁粉健身补剂,39.9,3万+人付款,肌肉博士旗舰店,//detail.tmall.com/item.htm?id=797919427138&ns=1&abbucket=7&xxc=taobaoSearch&mi_id=0000-3-U2Fi4VNhtNnX853uAsjjQLic7u9ZIAV3A9q6D5dM&skuId=5949965729098&priceTId=214780b017887048604868877e109b&utparam=%7B%22aplus_abtest%22%3A%22ff17a8b4133b0d00fe8a8af1aa04e3fe%22%7D&spm=a21n57.1.item.20
诺特兰德肌酸一水肌酸正品运动健身补剂非氮泵氨基酸,19.8,2000+人付款,常乐运动补剂商城,//item.taobao.com/item.htm?id=730433180338&ns=1&abbucket=7&xxc=taobaoSearch&mi_id=0000rf_Smm8iCT_f3ErHP5B8fz7-zSQLTSbbFickYB8YYko&skuId=5435267916609&priceTId=214780b017887048604868877e109b&utparam=%7B%22aplus_abtest%22%3A%22c492275370109a6620aee4e9124f8a10%22%7D&spm=a21n57.1.item.21
凯普锐斯KEEP MOMENT一水肌酸粉300g高纯肌酸粉补剂健身非氮泵,19.9,1000+人付款,KEEP MOMENT企业店,//item.taobao.com/item.htm?id=708998278054&ns=1&abbucket=7&xxc=taobaoSearch&mi_id=0000O55L0U5qv-QlJF9bPnDywIMOjBsQpg1-yEuskW8lHZY&skuId=5530433009865&priceTId=214780b017887048604868877e109b&utparam=%7B%22aplus_abtest%22%3A%221c63875cd529db367602482072ba1e86%22%7D&spm=a21n57.1.item.22
爱兰纯一水肌酸99.99%高纯度肌酸粉300g健身耐力爆发力非氮泵bcaa,19.9,3000+人付款,超人 补剂,//item.taobao.com/item.htm?id=676121492633&ns=1&abbucket=7&xxc=taobaoSearch&mi_id=0000wCKGDQKYJ6UvCExf8jfcYlhjR5v9ddLlVeo77n35_TM&skuId=5189320046061&priceTId=214780b017887048604868877e109b&utparam=%7B%22aplus_abtest%22%3A%223a7596e32a4c8e6ca5d8b51c10e73845%22%7D&spm=a21n57.1.item.23
康比特炽金纯肌酸粉锌镁一水肌酸健身补剂力量爆发力耐力运动增肌,63,7000+人付款,回头客2万康比特品质店,//item.taobao.com/item.htm?id=768263999608&ns=1&abbucket=7&xxc=taobaoSearch&mi_id=0000yOykuEQGENxSXsvCjTuATCFlU_Ul8BbA3QLh29BQ-38&skuId=6180798059142&priceTId=214780b017887048604868877e109b&utparam=%7B%22aplus_abtest%22%3A%22d86654648a17e4ccde4672bd36540c52%22%7D&spm=a21n57.1.item.24
FoYes快充肌酸便携高纯锌镁一水肌酸耐力非氮泵健身增肌粉小袋装,7.9,4000+人付款,异彩运动营养店,//item.taobao.com/item.htm?id=918691195878&ns=1&abbucket=7&xxc=taobaoSearch&mi_id=0000CdTq97xmNyBySnHaPFYXIopocHb5R9UkUl9Pc6nDbhs&skuId=6292402815903&priceTId=214780b017887048604868877e109b&utparam=%7B%22aplus_abtest%22%3A%2284f4c15a47fff3134b92295f165dc770%22%7D&spm=a21n57.1.item.25
迈斯朋克一水肌酸运动健身训练营养补剂耐力爆发力氮泵锌镁肌酸粉,28.42,2000+人付款,迈斯朋克焱焱专卖店,//detail.tmall.com/item.htm?id=999382488429&ns=1&abbucket=7&xxc=taobaoSearch&mi_id=0000UmTX9rJ4A16Cs0A48RGknmKqyingERwrR_4S_unWkRs&skuId=5985210245614&priceTId=214780b017887048604868877e109b&utparam=%7B%22aplus_abtest%22%3A%22cc4427888337201ec7aaffcc71b29eb9%22%7D&spm=a21n57.1.item.26
米当卡快充肌酸高纯度一水肌酸粉耐力爆发力非氮泵氨基酸健身增肌,23.2,8000+人付款,回头客6万米当卡旗舰店,//detail.tmall.com/item.htm?id=854664203116&ns=1&abbucket=7&xxc=taobaoSearch&mi_id=0000Q3GedrTPvBgv5oWv2BjWSqhp8dai6anLc9Y58HBg8FA&skuId=5826692263552&priceTId=214780b017887048604868877e109b&utparam=%7B%22aplus_abtest%22%3A%229242bbf26ca75af04e893947cfb88ad1%22%7D&spm=a21n57.1.item.27
康比特锌镁肌酸粉100g高纯度肌酸速度爆发力力量运动健身营养粉,31.9,2000+人付款,异彩运动营养店,//item.taobao.com/item.htm?id=946140744606&ns=1&abbucket=7&xxc=taobaoSearch&mi_id=0000gOT7Q7lXrqI6UOjq5wfDyRmHjw4o0NqEtuWJycLtTJY&skuId=6279067231944&priceTId=214780b017887048604868877e109b&utparam=%7B%22aplus_abtest%22%3A%22bc1311e1cf288f7cf6e438e2c9c301d6%22%7D&spm=a21n57.1.item.28
肌肉博士肌酸一水肌酸软糖便携健身训练运动增肌营养正品旗舰店,49,5000+人付款,肌肉博士旗舰店,//detail.tmall.com/item.htm?id=1049859360303&ns=1&abbucket=7&xxc=taobaoSearch&mi_id=000050LfGaJMijmg9J14Ak5QlWbmax0-Io3sZ3R1kfDbNmo&skuId=6270651811617&priceTId=214780b017887048604868877e109b&utparam=%7B%22aplus_abtest%22%3A%22235beaa550a7b2e9a20f28cfa8239027%22%7D&spm=a21n57.1.item.29
HotRule一水肌酸粉锌镁肌酸粉耐力健身增肌力量非氮泵氨基酸补剂,38.41,1万+人付款,Hot Rule旗舰店,//detail.tmall.com/item.htm?id=905087865082&ns=1&abbucket=7&xxc=taobaoSearch&mi_id=0000HtsJpxbVtp-amWB9cgX0lGYi1eUMgyWnW-PDIreo9jU&skuId=6279964270703&priceTId=214780b017887048604868877e109b&utparam=%7B%22aplus_abtest%22%3A%222b9a4644a35fe53f2c0396acbbde5c00%22%7D&spm=a21n57.1.item.30
BD必第能量一水肌酸多口味肌酸粉100g袋装爆发力耐力健身A类补剂,9.9,8000+人付款,BANNYDEER旗舰店,//detail.tmall.com/item.htm?id=856801376795&ns=1&abbucket=7&xxc=taobaoSearch&mi_id=0000L2kYURig7T5dgpmfoSgH5Gsjzh38K_61iaUMl2suhks&skuId=6078409473692&priceTId=214780b017887048604868877e109b&utparam=%7B%22aplus_abtest%22%3A%22838dbd4f40782382c223631f14a7000a%22%7D&spm=a21n57.1.item.32
Myprotein 一水肌酸粉运动增肌健身训练营养补剂耐力爆发力,48.21,3000+人付款,回头客9万Myprotein海外旗舰店,//detail.tmall.com/item.htm?id=539413299568&ns=1&abbucket=7&xxc=taobaoSearch&mi_id=0000n7U3K5f2rNe3wktike-T0rpvGDOHy5wvBjGm7qXLuGI&skuId=6128129437129&priceTId=214780b017887048604868877e109b&utparam=%7B%22aplus_abtest%22%3A%22780038082a0d2f62b5153410d47232d3%22%7D&spm=a21n57.1.item.33
康比特肌酸锌镁一水肌酸粉耐力爆发力运动健身增肌补剂官方旗舰店,73,7万+人付款,回头客10万康比特体育科技旗舰店,//detail.tmall.com/item.htm?id=640468642224&ns=1&abbucket=7&xxc=taobaoSearch&mi_id=0000Ye_xGYGCRlnkvECfGlV4n27bFFguCZWHNpjXVmbtzyg&skuId=6248616530251&priceTId=214780b017887048604868877e109b&utparam=%7B%22aplus_abtest%22%3A%220d7cab282b715e79c4cacb2e3e04a581%22%7D&spm=a21n57.1.item.34
元气码头一水肌酸粉男女健身运动补剂一水肌酸300克,22.8,3000+人付款,肌肉英雄运动营养,//item.taobao.com/item.htm?id=807158966777&ns=1&abbucket=7&xxc=taobaoSearch&mi_id=0000UmSoUTLD6xOGm4EfBgVBA1kCQQJFJHc70YjMGYr2BcI&skuId=5570661872067&priceTId=214780b017887048604868877e109b&utparam=%7B%22aplus_abtest%22%3A%22625fc65bb8421341df17751984ccb9b3%22%7D&spm=a21n57.1.item.35
肌肉博士肌酸一水肌酸粉果味高纯度300g增健肌耐力爆发力运动健身,39.9,5000+人付款,9年老店AD健身补剂,//item.taobao.com/item.htm?id=764639823319&ns=1&abbucket=7&xxc=taobaoSearch&mi_id=0000idauFp7eWK-jHTupeogfFYb01hlgOIbFTI6ZQKu0rvc&skuId=5749034932687&priceTId=214780b017887048604868877e109b&utparam=%7B%22aplus_abtest%22%3A%22ecb84ee8e7c31688b0e2f5fc55652bb2%22%7D&spm=a21n57.1.item.36
bd必第能量一水肌酸100克袋装多口味性价比99.99纯度健身运动耐力,8.9,5000+人付款,9年老店健美黑军健美补剂正品店,//item.taobao.com/item.htm?id=838200077424&ns=1&abbucket=7&xxc=taobaoSearch&mi_id=0000ncXQiQpznpKaKHThGVufIXVV0HrVTeM853Yc9wLRpoE&skuId=5947452469601&priceTId=214780b017887048604868877e109b&utparam=%7B%22aplus_abtest%22%3A%22b21d66f8f931474bf8b53a58b016a9b3%22%7D&spm=a21n57.1.item.37
训练怪兽一水肌酸男女运动营养补剂耐力爆发力女性谷氨健身氨基酸,51,2万+人付款,回头客400万阿里健康大药房,//detail.tmall.com/item.htm?id=971325805779&ns=1&abbucket=7&xxc=taobaoSearch&mi_id=0000HrHt6Hex7aU8bTSMMfatP1U9cMcPzbjLAorMnX6k4KQ&skuId=6206532770859&priceTId=214780b017887048604868877e109b&utparam=%7B%22aplus_abtest%22%3A%22bf6cac35b8caf876fc62f4bb3f32d2b3%22%7D&spm=a21n57.1.item.38
99.99%欧力普一水肌酸健身运动补剂纯肌酸粉爆发肌肉非锌镁肌酸,27.9,1万+人付款,欧力普旗舰店,//detail.tmall.com/item.htm?id=811211584453&ns=1&abbucket=7&xxc=taobaoSearch&mi_id=0000yXdUtnPHELEziohKcbCYZfJsj3pbpxDINwmgklLjwXA&skuId=5987898745111&priceTId=214780b017887048604868877e109b&utparam=%7B%22aplus_abtest%22%3A%22cee1a1f96f28e9400e25ef97403d8744%22%7D&spm=a21n57.1.item.39
诺特兰德肌酸一水肌酸耐力爆发力运动非支链BCAA健身增肌正品,18.81,900+人付款,回头客1000万天猫超市,//detail.tmall.com/item.htm?id=743389897392&ns=1&abbucket=7&xxc=taobaoSearch&mi_id=0000tOtm4FIVNGnr1n8KT5E8rDA0sIJWXmpjLAYt8FFYeuE&skuId=5125286280790&priceTId=214780b017887048604868877e109b&utparam=%7B%22aplus_abtest%22%3A%2275ef269bcf3fbafa2a6274a8a85b0de8%22%7D&spm=a21n57.1.item.40
诺特兰德肌酸一水肌酸载体肌酸补剂纯肌酸粉体育生锌镁肌酸片,9.3,500+人付款,兰博运动营养,//item.taobao.com/item.htm?id=994368115528&ns=1&abbucket=7&xxc=taobaoSearch&mi_id=0000jLA73drgRkIMjZfBUriM0wnbbi_GQPQQc4yOMkjGQ2Y&skuId=5974194908634&priceTId=214780b017887048604868877e109b&utparam=%7B%22aplus_abtest%22%3A%223a7a7fd0e0ca3e81855681d83dfa86f3%22%7D&spm=a21n57.1.item.41
UP训练怪兽一水肌酸袋装便携条装肌酸运动营养补剂耐力爆发力,17.91,1万+人付款,6年老店训练怪兽旗舰店,//detail.tmall.com/item.htm?id=843420026132&ns=1&abbucket=7&xxc=taobaoSearch&mi_id=0000cW1z_rowUadi3Fkg7r47QTvX9MTRuCSmPWOtBmAX320&skuId=6248018559653&priceTId=214780b017887048604868877e109b&utparam=%7B%22aplus_abtest%22%3A%22e6aaf58c8d120b60050ac08dfe9e3e6b%22%7D&spm=a21n57.1.item.42
肌肉博士肌酸粉300克一水肌酸锌镁肌酸增肌健身男女爆发耐力,39.9,5000+人付款,正品奥赛周边,//item.taobao.com/item.htm?id=674263240568&ns=1&abbucket=7&xxc=taobaoSearch&mi_id=0000qhrQnFqkLf1V2M_STOtNQWQlBXEEea8cQPChvlzUuEI&skuId=6014694481610&priceTId=214780b017887048604868877e109b&utparam=%7B%22aplus_abtest%22%3A%225ac650ce47ba9e0102706407ac92e1c2%22%7D&spm=a21n57.1.item.43
Myprotein己能 熊猫一水肌酸健身补剂增强耐力爆发运动营养品250g,71.91,3万+人付款,回头客9万Myprotein海外旗舰店,//detail.tmall.com/item.htm?id=606699958890&ns=1&abbucket=7&xxc=taobaoSearch&mi_id=0000TvvtwE4tK8sb6veeF1mc63BjDyeu1fn2QnbXfj8gs-I&skuId=6222566027276&priceTId=214780b017887048604868877e109b&utparam=%7B%22aplus_abtest%22%3A%22b4f24b3281e8bc0bb5cee0310e857e50%22%7D&spm=a21n57.1.item.44
ON 奥普帝蒙 绿标一水肌酸粉100g/200g肌酸男女健身粉,69,4万+人付款,6年老店ON奥普帝蒙旗舰店,//detail.tmall.com/item.htm?id=619646208020&ns=1&abbucket=7&xxc=taobaoSearch&mi_id=0000zjCiNGXMpi9hj9OXlLJAjLd2d3MeD-__hESlTQ-lOZ0&skuId=6241070426620&priceTId=214780b017887048604868877e109b&utparam=%7B%22aplus_abtest%22%3A%22a5e5f7277fcffc88ea613e614e397ccf%22%7D&spm=a21n57.1.item.45
【回购正装立减5元】FoYes快充肌酸一水锌镁肌酸粉力量耐力爆发力,6.07,8000+人付款,FoYes运动营养旗舰店,//detail.tmall.com/item.htm?id=1026752606293&ns=1&abbucket=7&xxc=taobaoSearch&mi_id=0000L6-eh3DSShop1eip2zkH4FONDbrAp5H6vj3A0K9r9UY&skuId=6203896167758&priceTId=214780b017887048604868877e109b&utparam=%7B%22aplus_abtest%22%3A%225b8c4b03a0c9a5df72854f05685bb441%22%7D&spm=a21n57.1.item.46
myprotein熊猫纯一水肌酸健身运动学生爆发力耐力非氮泵英国进口,47.9,6000+人付款,乘峰运动,//item.taobao.com/item.htm?id=940502786517&ns=1&abbucket=7&xxc=taobaoSearch&mi_id=0000-L97MbUNKKOld1fXnZokiQrZ-a-cOb971jm_bg2Zw6w&skuId=6004730102861&priceTId=214780b017887048604868877e109b&utparam=%7B%22aplus_abtest%22%3A%22d0dc5aeff11ef8c777f1a3b18ea53609%22%7D&spm=a21n57.1.item.47
康比特纯一水肌酸耐力爆发增肌运动健身补剂锌镁肌酸粉官方旗舰店,73,2万+人付款,回头客10万康比特体育科技旗舰店,//detail.tmall.com/item.htm?id=595111277563&ns=1&abbucket=7&xxc=taobaoSearch&mi_id=00009ndV0ik86TvGg9kUhWYTyimX8VujDzAgETpNM9Q8D0w&skuId=6272044662052&priceTId=214780b017887048604868877e109b&utparam=%7B%22aplus_abtest%22%3A%229e9c562fb11b8fd7305614ee8d215aa4%22%7D&spm=a21n57.1.item.48
bd必第能量一水肌酸粉纯肌酸粉100g健身运动力量耐力爆发力氨基酸,9.9,1万+人付款,老伟的皇冠补剂店,//item.taobao.com/item.htm?id=845418378705&ns=1&abbucket=7&xxc=taobaoSearch&mi_id=000012GAjYWzjivhvSeZRpHZTn-ZnzFRpsBe0WQDiwLwh1Q&skuId=6129333545918&priceTId=214780b017887048604868877e109b&utparam=%7B%22aplus_abtest%22%3A%2273e83a857db52932a59441a4b25ee742%22%7D&spm=a21n57.1.item.49
美国ON奥普帝蒙欧普特蒙纯肌酸粉健身一水肌酸氮泵力量爆发力300g,103.95,2万+人付款,黑黑老大的地盘,//item.taobao.com/item.htm?id=704184813217&ns=1&abbucket=7&xxc=taobaoSearch&mi_id=0000fvlwD6GQZp_jry7-iyO_ET0kVlHvnQLU5ktRKhfw9g8&skuId=5250408188936&priceTId=214780b017887048604868877e109b&utparam=%7B%22aplus_abtest%22%3A%22e6653961897f85126f0c5015a059449f%22%7D&spm=a21n57.1.item.50
FoYes肌酸锌镁一水肌酸粉耐力非氮泵氨基酸健身增肌补剂旗舰正品,53,3万+人付款,回头客400万阿里健康大药房,//detail.tmall.com/item.htm?id=904795850196&ns=1&abbucket=7&xxc=taobaoSearch&mi_id=0000c4Dpxf9gDkg8IpUVfoVNGMxPv3acgIJ7vQcsuae4iiM&skuId=5953888180490&priceTId=214780b017887048604868877e109b&utparam=%7B%22aplus_abtest%22%3A%22d09f199002b9a43e0dd1189adb125f38%22%7D&spm=a21n57.1.item.51
BD能量高纯一水肌酸粉袋装100g健身运动力量耐力爆发力非氮泵,9.9,3万+人付款,BANNYDEER旗舰店,https://click.simba.taobao.com/cc_im?p=%BC%A1%CB%E1&s=981075733&k=2649&e=MvaFps8O5hM7W4h6pKbmlZ85XM8EHf7zXwIdam1L9q%2FXMqZ1oCnFgjL6FWQXuSf3qDb%2BzUKZ0%2FUDfhBP2NTNHSN89MKLu7dapTdukw6FnXS43UrXnqHnlG3%2F4EWF6T%2F78Qqaq4KCuwo6yDogyoHzn9TdsE%2FdsddsXWb7NhXgzMtof4SAU20OKGL1VjAX244dY4PyAI1L9fEVPsp%2Bl2d7vdfxcLl4Nr0oyZN9ZXUBjt8yE7koQeL0LGpvQtYSCPzJBm%2F2hu2A%2FyVwNWDz6xHzsuTT1Iz8CfPqI2jA%2BmeK2LAPre%2B%2Fo%2ByGAaPCMlhwK3HHIkJ%2F7sFcn8YNHynMs8i%2FQ%2B6JCVc1UDf88VYLnDLdEOA0y8AGVPuecht1ZwO81iynKDjsRv94cy8rhz6f4Pn1YhjZH%2BwoVS1yZX%2FU3ZOWgTaGfJ1m6PZmNvUnoHJsy2dTQ27vFvJr65h1MnbvBT86Fh4HrY7RZjy5Qg2Btu8gP5lbOhgIA0hrCDGBxOq9eX1sSu4gndH17KYE9wzYkAPqzLyXy6ydNYOJdX6CHDzI50ljJ2RI%2BCBeMbPW9IKtVTrclo2lzplofoPox9lIdOBjS72LZKZiJm5SxDkYDfBlgaMAgA4Rwnv4YHoKPuTQApEXR5uFKnYVRZau07Xa%2BF%2B6hYXr30yMEShRmwsVltKiYyvQU%2FltmjvoiRxlxDDrV9J4ZD3CpuFqFP2j5vWai42MO5oiKw8bQBMGjmDzFaW8TF7mUaYTXpmFZeW%2BGAB0skIZEz1vfJuFTrlFwm%2BDybSSRIKLGS1XCxG0SLgwqdEcBlPcvVG2zQ1t5MA42odC8gDsOvQFweCRRpMSjK8dbXT%2F%2Bn0KemsdQ7lq3RWgJRI9MYtpUxsq5qk6U8CiJqIbtI8xVwN%2BqaQf8%2BT5fWZrp8wft0mk0XTABUm6PsypypPL2zryCl%2B2Db8cXtPNfN%2BwN5Fq5tJ2xcgB3K93skDcNv14aVRHcP3tczbXeEZudetmpK4ZRgELaHyqH0HHz3w9KjKKU5U8nVCs4Oa4nafynSQWs%2Bl1ZEov8m2A2rV2m3Fnzq9A%2F0u8I1A%2BE7VrhxDXNWXpEQXfGPAeybKg%2BBRr13i3E5BUKinkPfQB3p01A1b81rXGCCdlXxxaUF%2BlT%2FnWjeoK%2BTtp5UqCycosCVx74zPQhN6bGJVme2sPBMBIRn4BwxioKvsLMFZDzX0KemsdQ7lqWXoiBPzqF54%2FexKAFsbbPr7dsEFXKoQIFR7k%2Fg2%2FVUdbZcdc%2BFFyBS3eDNXvGSlVD9eAWay8Y2WKYTDHEnlrcJxze%2BrhoacTyVPuUGaTEalBW4%2Fj%2B7q3NxH9J4ZGMVUr%2F7SkD2z1lPjIOxYz3i%2BP8GbKrwyppdoanoBypC%2Bc2jhHjBUrI5fS99sTAfVp7WxO0TUFUPBlRi%2FG%2B0DppDM7nhKUeOGHmPqvvVGY7g%2FaZw6AJR33lnINu1EVdzdlagaXCE4oUFBhrOJrSGSBZh65jbgMXzyBuHiVk1gJ2IG3iZfrQtSwbrIpAwUNhddQrDlIaJsN0SePXmN0Fp586sksulLBd1%2BPTzjQl2VUydwWlEPQz8VuS8FkBO%2FyXZ%2FlQ7cGP0DzGZOrDyR8B4DjofWSRquT9JU5J2zPeX%2FWoVbLTQG8vqJ7rvdhFsCo0AfTMzNTvN0HgqmPuYIDUxTY74SOHNdLRYrnASNl8qIpD86pPZPVufiMjidcCL6GDpsau%2B5nVchc%2FsYYB9a7pC6h%2Fm6dpNkkt6qkFeBkBhYAz1EaHRj017vWnjlokaYGC3xUsUsNiZK%2Fn64lOQ%2FTRnn5yMVV8jfkARQHRQN1udMk7rJ4umeiWpH7B6P1oGT8%2BgjWgu%2Fp8G%2FWqF%2FEhwXBvcoywTJTIm8IBoyq0NymZPz6CNaC7%2BkRdkV1IokrwgyV4vIcet5iD%2FiUgp5Bkv1vb1fdR%2BeD61DNBiCSWLtAanKqSa2N4iF2y2jEyfCMoPdNsYtWS8IrSpnu5ohgjFSTAZ0JdtSyomKTJAITaxGHufdg1fxxT8F3rsIioFN4n7SWz0mezge065X2aBJk34ep4uVDVdQXTsu8Umz1Ouj%2F4iGe9KW51xSIQgC0ETCZBu2V1p8AfBf%2B03c96E%2BToRuiieiMsgd4JRMMiXTUvZwh2TYyymse7D%2BY7qyQCVBQ1sEF4Uwz%2B7WTXNeiswbYNJk3kcewaOVVZFtLQg6fBdipYXLPh9%2Bh0fBFV%2FL4smMpiEz2vxMTEG7D%2BbehhGUjeowhQ9pyoW0rWuroRsJjeXMStyfRFeNACaWeyjCEBloYHAUVamNH4q7eF6NyuYene2tbhiftJuYrGq2P0b%2FqJjmvvn6i9hoWndjugyRmCQqThGADJiH9RVcaSyqoDA5R7i%2F9xqdvj9Ib51J59h3yQ7POhKk5B05s6AOT1hWxeP7bHH0KemsdQ7lqRgx%2BirWKCQri1sF8w4nE8tfinuT%2Bby7jCkTVFnn7M3AocjsSY5HzSFC6hraF%2FgOXdZhGmZI7Hzg2U31%2FCt7cdnVjgxharS9YXRoZk9w%2F%2FOxuyD9JkjsYdT32E1QF8oJ%2BVMN5bP07A63%2BkiBo557TF96dusVH9JVWUsF3X49PONCr%2BYz12gVF3g8iw5rt3k3qPJr81TVxHUgG5RJrpd4G2Q%3D%3D&mm_sceneid=0_0_3174494334_0&a=xxc%3Dad_ztc%26mi_id%3D0000us77dr95L3pPuuyuP2tFafzHX1wbOK-wBwKs9W2hTBE%26skuId%3D6298107170744%26priceTId%3D214780b017887048709341471e109b%26utparam%3D%2525257B%25252522aplus_abtest%25252522%2525253A%2525252222926f728e59177c440952591e2aeeb6%25252522%2525257D%26&id=834771253401&spm=a21n57.1.item.1
一水肌酸99.99%高纯度快充肌酸粉300g赠耐力爆发力运动健身力量,24.8,3万+人付款,回头客1万元气码头旗舰店,//detail.tmall.com/item.htm?id=792891863360&ns=1&abbucket=7&xxc=taobaoSearch&mi_id=0000SQA3f0kVoiRNetCZafPmpoeGVF_hMhh1LAraQTRXlag&skuId=5634191867606&priceTId=214780b017887048709341471e109b&utparam=%7B%22aplus_abtest%22%3A%22541e6ec1bb7d1fb004353ac393618f52%22%7D&spm=a21n57.1.item.2
爱兰纯一水肌酸99.99%高纯度肌酸粉300g耐力爆发力健身长增健肌肉,19.9,3万+人付款,臻补剂,//item.taobao.com/item.htm?id=835708919297&ns=1&abbucket=7&xxc=taobaoSearch&mi_id=0000wAlBWHzecR3mZUnFbc_6RLToKai-lr4PwFYzdB1Xuvc&skuId=5823480305584&priceTId=214780b017887048709341471e109b&utparam=%7B%22aplus_abtest%22%3A%222cff80329ecb562594515eb71089336b%22%7D&spm=a21n57.1.item.3
肌肉博士肌酸一水肌酸粉 锌镁肌酸高纯度健身运动补剂官方旗舰店,39.9,9万+人付款,肌肉博士旗舰店,//detail.tmall.com/item.htm?id=798105337288&ns=1&abbucket=7&xxc=taobaoSearch&fpChannel=101&fpChannelSig=cd3a6289d21d4bb0b4c74848ac0fc8f004515787&mi_id=0000rT1wMqG6bKPRVza_lQhF08LxXvVa9VsOY8aCrUknFm4&skuId=6193185059845&priceTId=214780b017887048709341471e109b&utparam=%7B%22aplus_abtest%22%3A%2251993110af471997c8e51ed5d9d0cd07%22%7D&spm=a21n57.1.item.4
肌肉博士肌酸一水肌酸粉高纯度健身运动营养食品官方旗舰店正品,39.9,4万+人付款,肌肉博士旗舰店,//detail.tmall.com/item.htm?id=802745261057&ns=1&abbucket=7&xxc=taobaoSearch&mi_id=0000ppRQtFfQQK3ygcR5d5j0Fn_bo04TauaxK8Uc9eOxDF8&skuId=5979996224775&priceTId=214780b017887048709341471e109b&utparam=%7B%22aplus_abtest%22%3A%22d15d5b792e8f6cda65ab5423d1c079a0%22%7D&spm=a21n57.1.item.5
【爆品NO1】FoYes肌酸锌镁一水肌酸粉耐力氮泵氨基酸健身增肌补剂,63,10万+人付款,回头客2万FoYes旗舰店,//detail.tmall.com/item.htm?id=767739335818&ns=1&abbucket=7&xxc=taobaoSearch&mi_id=0000XCf5Xb9fqtljVgKw8dFOiCW_7jkT1kXWUY2STgIRrH0&skuId=6205772755394&priceTId=214780b017887048709341471e109b&utparam=%7B%22aplus_abtest%22%3A%228a421129682f5076cf19bd2d225010f8%22%7D&spm=a21n57.1.item.6
诺特兰德肌酸一水肌酸锌镁肌酸耐力爆发力运动健身补剂非氨基酸,19.66,3万+人付款,回头客3万诺特兰德官方旗舰店,//detail.tmall.com/item.htm?id=726648410223&ns=1&abbucket=7&xxc=taobaoSearch&mi_id=0000lpUIsxIj22WiARnQ2IaW9XSwkNufF3-QURtLdgtjfTE&skuId=6286850230564&priceTId=214780b017887048709341471e109b&utparam=%7B%22aplus_abtest%22%3A%22a6606590f64d1949519560cd5e44970d%22%7D&spm=a21n57.1.item.7
BD能量300g罐装一水肌酸粉补剂耐力运动爆发补剂非氮泵官方正品,9.9,1万+人付款,BANNYDEER旗舰店,//detail.tmall.com/item.htm?id=706666965124&ns=1&abbucket=7&xxc=taobaoSearch&mi_id=0000WqOYwOLm4BXCcZBYoUkm4cf-G8vy6XySXm_PN2nhzoM&skuId=6078393249842&priceTId=214780b017887048709341471e109b&utparam=%7B%22aplus_abtest%22%3A%220c871083e2e5a48d32fa07b6aaf28374%22%7D&spm=a21n57.1.item.8
训练怪兽一水肌酸运动健身训练营养补剂耐力爆发力氮泵锌镁肌酸粉,53,10万+人付款,6年老店训练怪兽旗舰店,//detail.tmall.com/item.htm?id=675874243731&ns=1&abbucket=7&xxc=taobaoSearch&mi_id=0000iJjb3RhYdrOlmQrxRiqZtxD0yXv1d2C0bK23yueUklk&skuId=6030643473818&priceTId=214780b017887048709341471e109b&utparam=%7B%22aplus_abtest%22%3A%2263c0a6eea0abcf11dc3ee377d08034c0%22%7D&spm=a21n57.1.item.9
诺特兰德肌酸一水肌酸高纯度运动健身补剂爆发增肌非支链氨基酸,20.93,3万+人付款,回头客20万诺特兰德旗舰店,//detail.tmall.com/item.htm?id=924410229064&ns=1&abbucket=7&xxc=taobaoSearch&mi_id=0000QXT1UEk5H600FdN3zksMB_SVELw7JB58_C6OjB0xS8A&skuId=5897201680715&priceTId=214780b017887048709341471e109b&utparam=%7B%22aplus_abtest%22%3A%2238f0f33e54bdc14b3f6beffae6f0ada9%22%7D&spm=a21n57.1.item.10
凯普锐斯KEEPMOMENT肌酸粉300g一水肌酸健身体育生爆发力耐力,19.9,8000+人付款,KEEPMOMENT旗舰店,//detail.tmall.com/item.htm?id=723279686559&ns=1&abbucket=7&xxc=taobaoSearch&mi_id=0000YToFyuLs9AkA6NcLB1RdqW2EKg78CmJC7KeU_-1ZfQQ&skuId=5345763371925&priceTId=214780b017887048709341471e109b&utparam=%7B%22aplus_abtest%22%3A%227d56daa13a892eb185cbc2ee14f52404%22%7D&spm=a21n57.1.item.11
食品级纯净一水肌酸纯粉健身增肌粉提高耐力长肌肉高纯度肌酸粉,13.4,2万+人付款,12年老店开心健身原料,//item.taobao.com/item.htm?id=673831634118&ns=1&abbucket=7&xxc=taobaoSearch&mi_id=0000gP4nubTCJ_4sX1jo8ykGZD2I7TjyRj_ktyGhZFOdA-M&skuId=4850409481986&priceTId=214780b017887048709341471e109b&utparam=%7B%22aplus_abtest%22%3A%222da2ec7ba3482be886ce53d61729b8ed%22%7D&spm=a21n57.1.item.12
FoYes锌镁肌酸180g一水肌酸耐力爆发力非氮泵氨基酸健身增肌粉男,48.9,1万+人付款,异彩运动营养店,//item.taobao.com/item.htm?id=919596837979&ns=1&abbucket=7&xxc=taobaoSearch&mi_id=0000H-1QJ_Mx1QIk8wDEHxI8zmjHpHYhJqqPMiC61k-Edtk&skuId=6240431391264&priceTId=214780b017887048709341471e109b&utparam=%7B%22aplus_abtest%22%3A%22fa1a56513cdc0091dae7346a28dc228a%22%7D&spm=a21n57.1.item.13
一水肌酸高纯度增肌粉袋装爆发力耐力运动健身补剂非氮泵纯肌酸粉,6.8,4000+人付款,5年老店汇生源生物科技,//item.taobao.com/item.htm?id=937439030984&ns=1&abbucket=7&xxc=taobaoSearch&mi_id=0000cF5UVkA3R66bJZ8nlQ29a2i3M_tJpA0JuU1DsJaidZA&skuId=5865973229165&priceTId=214780b017887048709341471e109b&utparam=%7B%22aplus_abtest%22%3A%2222b8a7546fad0897d0f7ead48e115bd5%22%7D&spm=a21n57.1.item.14
磅普锌镁肌酸粉300g高纯度99.99%果味肌酸健身补剂引爆肌力非氮泵,26.8,3000+人付款,磅普食品旗舰店,//detail.tmall.com/item.htm?id=1037797426895&ns=1&abbucket=7&xxc=taobaoSearch&mi_id=0000UfBaiq18Yd3Dqcp2vmGnn6NTefOX0jPzEEsGHqSDYRs&skuId=6056895381862&priceTId=214780b017887048709341471e109b&utparam=%7B%22aplus_abtest%22%3A%222a5d0930265f2a52e2e108c07ab459e4%22%7D&spm=a21n57.1.item.17
训练怪兽一水肌酸男女肌酸运动健身训练营养补剂增耐力肌酸粉官方,53,6000+人付款,6年老店训练怪兽旗舰店,//detail.tmall.com/item.htm?id=1057940758778&ns=1&abbucket=7&xxc=taobaoSearch&mi_id=0000rq4KzzVG7y6K-2lgMrW0vMWFV-U3XK_5WQhgRoR7YUg&skuId=6108009292136&priceTId=214780b017887048709341471e109b&utparam=%7B%22aplus_abtest%22%3A%22916bafad446b0f2efa22d3bb5693a055%22%7D&spm=a21n57.1.item.18
一水肌酸原粉 纯肌酸粉 食品级高纯度肌酸粉健身增肌粉提高爆发力,7.71,6000+人付款,14年老店尚宏生物科技,//item.taobao.com/item.htm?id=670900610588&ns=1&abbucket=7&xxc=taobaoSearch&mi_id=0000QWnELadSdKNaJHGgrgmOOdVj6j1FMOo1Ul6lhKulhJU&skuId=4857161780844&priceTId=214780b017887048709341471e109b&utparam=%7B%22aplus_abtest%22%3A%22eb4941355a3883ae8303d036be673260%22%7D&spm=a21n57.1.item.19
肌肉博士肌酸一水肌酸粉红牛风味运动营养谷氨酰胺锌镁粉健身补剂,39.9,3万+人付款,肌肉博士旗舰店,//detail.tmall.com/item.htm?id=797919427138&ns=1&abbucket=7&xxc=taobaoSearch&mi_id=0000-3-U2Fi4VNhtNnX853uAsrEuAQfbZjJBT3RQz6h2ias&skuId=5949965729098&priceTId=214780b017887048709341471e109b&utparam=%7B%22aplus_abtest%22%3A%22fc0b3591bb6a6ab6ecc6eae458dd2e2a%22%7D&spm=a21n57.1.item.20
诺特兰德肌酸一水肌酸正品运动健身补剂非氮泵氨基酸,19.8,2000+人付款,常乐运动补剂商城,//item.taobao.com/item.htm?id=730433180338&ns=1&abbucket=7&xxc=taobaoSearch&mi_id=0000rf_Smm8iCT_f3ErHP5B8f6ESbSP0E-rCi3Qxg7UuRRg&skuId=5435267916609&priceTId=214780b017887048709341471e109b&utparam=%7B%22aplus_abtest%22%3A%229264376023f79618dd83e59bb4f8256a%22%7D&spm=a21n57.1.item.21
凯普锐斯KEEP MOMENT一水肌酸粉300g高纯肌酸粉补剂健身非氮泵,19.9,1000+人付款,KEEP MOMENT企业店,//item.taobao.com/item.htm?id=708998278054&ns=1&abbucket=7&xxc=taobaoSearch&mi_id=0000O55L0U5qv-QlJF9bPnDywDdM9VxnJhyqh-OcZXdy7Sw&skuId=5530433009865&priceTId=214780b017887048709341471e109b&utparam=%7B%22aplus_abtest%22%3A%22680c8bc8fcc6c1a33166db2227241d97%22%7D&spm=a21n57.1.item.22
爱兰纯一水肌酸99.99%高纯度肌酸粉300g健身耐力爆发力非氮泵bcaa,19.9,3000+人付款,超人 补剂,//item.taobao.com/item.htm?id=676121492633&ns=1&abbucket=7&xxc=taobaoSearch&mi_id=0000wCKGDQKYJ6UvCExf8jfcYoABTMvs_uLR42EWCpEaPws&skuId=5189320046061&priceTId=214780b017887048709341471e109b&utparam=%7B%22aplus_abtest%22%3A%225498b7d5b7f8b5d08f8f112143a7c1b5%22%7D&spm=a21n57.1.item.23
康比特炽金纯肌酸粉锌镁一水肌酸健身补剂力量爆发力耐力运动增肌,63,7000+人付款,回头客2万康比特品质店,//item.taobao.com/item.htm?id=768263999608&ns=1&abbucket=7&xxc=taobaoSearch&mi_id=0000yOykuEQGENxSXsvCjTuATEAEKVrwHA38r-l4Ohsnzkg&skuId=6180798059142&priceTId=214780b017887048709341471e109b&utparam=%7B%22aplus_abtest%22%3A%220a7fd1f490655be930b5a69c68a07ba1%22%7D&spm=a21n57.1.item.24
FoYes快充肌酸便携高纯锌镁一水肌酸耐力非氮泵健身增肌粉小袋装,7.9,4000+人付款,异彩运动营养店,//item.taobao.com/item.htm?id=918691195878&ns=1&abbucket=7&xxc=taobaoSearch&mi_id=0000CdTq97xmNyBySnHaPFYXImvCQtX6rY5DOhukzYtaAg4&skuId=6292402815903&priceTId=214780b017887048709341471e109b&utparam=%7B%22aplus_abtest%22%3A%229e1555e55057b6befb39dfeb908d061b%22%7D&spm=a21n57.1.item.25
迈斯朋克一水肌酸运动健身训练营养补剂耐力爆发力氮泵锌镁肌酸粉,28.42,2000+人付款,迈斯朋克焱焱专卖店,//detail.tmall.com/item.htm?id=999382488429&ns=1&abbucket=7&xxc=taobaoSearch&mi_id=0000UmTX9rJ4A16Cs0A48RGknurJyHEOEUeQWEASoqc6chg&skuId=5985210245614&priceTId=214780b017887048709341471e109b&utparam=%7B%22aplus_abtest%22%3A%225ce17a3ab729fb54bf675bf3658232f9%22%7D&spm=a21n57.1.item.26
米当卡快充肌酸高纯度一水肌酸粉耐力爆发力非氮泵氨基酸健身增肌,23.2,8000+人付款,回头客6万米当卡旗舰店,//detail.tmall.com/item.htm?id=854664203116&ns=1&abbucket=7&xxc=taobaoSearch&mi_id=0000Q3GedrTPvBgv5oWv2BjWSnzQoBmQGTobOfrHe1WEikA&skuId=5826692263552&priceTId=214780b017887048709341471e109b&utparam=%7B%22aplus_abtest%22%3A%227701e60f65ca1a6fdbbe206ea1593999%22%7D&spm=a21n57.1.item.27
康比特锌镁肌酸粉100g高纯度肌酸速度爆发力力量运动健身营养粉,31.9,2000+人付款,异彩运动营养店,//item.taobao.com/item.htm?id=946140744606&ns=1&abbucket=7&xxc=taobaoSearch&mi_id=0000gOT7Q7lXrqI6UOjq5wfDyaItOOVQFcRTSslYfeZzROU&skuId=6279067231944&priceTId=214780b017887048709341471e109b&utparam=%7B%22aplus_abtest%22%3A%22fdc331a7dd4b0dc09f42803f7326d9b9%22%7D&spm=a21n57.1.item.28
肌肉博士肌酸一水肌酸软糖便携健身训练运动增肌营养正品旗舰店,49,5000+人付款,肌肉博士旗舰店,//detail.tmall.com/item.htm?id=1049859360303&ns=1&abbucket=7&xxc=taobaoSearch&mi_id=000050LfGaJMijmg9J14Ak5QlYTJrZ87WJ1oTpS3leToWOw&skuId=6270651811617&priceTId=214780b017887048709341471e109b&utparam=%7B%22aplus_abtest%22%3A%220478ab0d6f0dd8dac9b7e33d27672c91%22%7D&spm=a21n57.1.item.29
HotRule一水肌酸粉锌镁肌酸粉耐力健身增肌力量非氮泵氨基酸补剂,38.41,1万+人付款,Hot Rule旗舰店,//detail.tmall.com/item.htm?id=905087865082&ns=1&abbucket=7&xxc=taobaoSearch&mi_id=0000HtsJpxbVtp-amWB9cgX0lHRl8hAD6qcnts3_2JZQ62E&skuId=6279964270703&priceTId=214780b017887048709341471e109b&utparam=%7B%22aplus_abtest%22%3A%22c35cc0f97f8c5ace2326e46de5c3954f%22%7D&spm=a21n57.1.item.30
BD必第能量一水肌酸多口味肌酸粉100g袋装爆发力耐力健身A类补剂,9.9,8000+人付款,BANNYDEER旗舰店,//detail.tmall.com/item.htm?id=856801376795&ns=1&abbucket=7&xxc=taobaoSearch&mi_id=0000L2kYURig7T5dgpmfoSgH5BXHWfIkYAKYpiXgcdka1f8&skuId=6078409473692&priceTId=214780b017887048709341471e109b&utparam=%7B%22aplus_abtest%22%3A%22cd99f3071b6670caa080b88e95df56a6%22%7D&spm=a21n57.1.item.32
Myprotein 一水肌酸粉运动增肌健身训练营养补剂耐力爆发力,48.21,3000+人付款,回头客9万Myprotein海外旗舰店,//detail.tmall.com/item.htm?id=539413299568&ns=1&abbucket=7&xxc=taobaoSearch&mi_id=0000n7U3K5f2rNe3wktike-T0n2yeeYkWkO2StfJcpi6XyU&skuId=6128129437129&priceTId=214780b017887048709341471e109b&utparam=%7B%22aplus_abtest%22%3A%22f37369b9a0972fef52c38d441fee3896%22%7D&spm=a21n57.1.item.33
康比特肌酸锌镁一水肌酸粉耐力爆发力运动健身增肌补剂官方旗舰店,73,7万+人付款,回头客10万康比特体育科技旗舰店,//detail.tmall.com/item.htm?id=640468642224&ns=1&abbucket=7&xxc=taobaoSearch&mi_id=0000Ye_xGYGCRlnkvECfGlV4n1Ux_FwSS2jQyvLgzOytY-Q&skuId=6248616530251&priceTId=214780b017887048709341471e109b&utparam=%7B%22aplus_abtest%22%3A%22ba015f25b0933df74214449ce9119db5%22%7D&spm=a21n57.1.item.34
元气码头一水肌酸粉男女健身运动补剂一水肌酸300克,22.8,3000+人付款,肌肉英雄运动营养,//item.taobao.com/item.htm?id=807158966777&ns=1&abbucket=7&xxc=taobaoSearch&mi_id=0000UmSoUTLD6xOGm4EfBgVBA9S6b0j9z1XlYol9KLHHkOs&skuId=5570661872067&priceTId=214780b017887048709341471e109b&utparam=%7B%22aplus_abtest%22%3A%22db4a874dd6a8bf212c770a7b80b47a85%22%7D&spm=a21n57.1.item.35
肌肉博士肌酸一水肌酸粉果味高纯度300g增健肌耐力爆发力运动健身,39.9,5000+人付款,9年老店AD健身补剂,//item.taobao.com/item.htm?id=764639823319&ns=1&abbucket=7&xxc=taobaoSearch&mi_id=0000idauFp7eWK-jHTupeogfFYrE7Y7inwbFiNVOYndHG4M&skuId=5749034932687&priceTId=214780b017887048709341471e109b&utparam=%7B%22aplus_abtest%22%3A%22404108b5f8b2a00dbc2aefda424068e2%22%7D&spm=a21n57.1.item.36
bd必第能量一水肌酸100克袋装多口味性价比99.99纯度健身运动耐力,8.9,5000+人付款,9年老店健美黑军健美补剂正品店,//item.taobao.com/item.htm?id=838200077424&ns=1&abbucket=7&xxc=taobaoSearch&mi_id=0000ncXQiQpznpKaKHThGVufIe1TwsWaUwcAmL5QqK43rig&skuId=5947452469601&priceTId=214780b017887048709341471e109b&utparam=%7B%22aplus_abtest%22%3A%22e000d107a782ebd2c73e9bf821984a71%22%7D&spm=a21n57.1.item.37
训练怪兽一水肌酸男女运动营养补剂耐力爆发力女性谷氨健身氨基酸,51,2万+人付款,回头客400万阿里健康大药房,//detail.tmall.com/item.htm?id=971325805779&ns=1&abbucket=7&xxc=taobaoSearch&mi_id=0000HrHt6Hex7aU8bTSMMfatP1CLMNQTBfSh4tBbSQ4XqZs&skuId=6206532770859&priceTId=214780b017887048709341471e109b&utparam=%7B%22aplus_abtest%22%3A%22b135264a77cc19370cc80f33aff73936%22%7D&spm=a21n57.1.item.38
99.99%欧力普一水肌酸健身运动补剂纯肌酸粉爆发肌肉非锌镁肌酸,27.9,1万+人付款,欧力普旗舰店,//detail.tmall.com/item.htm?id=811211584453&ns=1&abbucket=7&xxc=taobaoSearch&mi_id=0000yXdUtnPHELEziohKcbCYZfYgvoznm0G4-YBivhNoopw&skuId=5987898745111&priceTId=214780b017887048709341471e109b&utparam=%7B%22aplus_abtest%22%3A%220b6c99bf3e1aff1a3e20d6091d9d1a46%22%7D&spm=a21n57.1.item.39
诺特兰德肌酸一水肌酸耐力爆发力运动非支链BCAA健身增肌正品,18.81,900+人付款,回头客1000万天猫超市,//detail.tmall.com/item.htm?id=743389897392&ns=1&abbucket=7&xxc=taobaoSearch&mi_id=0000tOtm4FIVNGnr1n8KT5E8rFl30PwPLABdh-6NZqGOVjU&skuId=5125286280790&priceTId=214780b017887048709341471e109b&utparam=%7B%22aplus_abtest%22%3A%22569601c3f5bda42eb95df748bd9f1b49%22%7D&spm=a21n57.1.item.40
诺特兰德肌酸一水肌酸载体肌酸补剂纯肌酸粉体育生锌镁肌酸片,9.3,500+人付款,兰博运动营养,//item.taobao.com/item.htm?id=994368115528&ns=1&abbucket=7&xxc=taobaoSearch&mi_id=0000jLA73drgRkIMjZfBUriM041eojyiZXk0sYXQp_e01D4&skuId=5974194908634&priceTId=214780b017887048709341471e109b&utparam=%7B%22aplus_abtest%22%3A%2268470268c77b3ee206e731225b0e3061%22%7D&spm=a21n57.1.item.41
UP训练怪兽一水肌酸袋装便携条装肌酸运动营养补剂耐力爆发力,17.91,1万+人付款,6年老店训练怪兽旗舰店,//detail.tmall.com/item.htm?id=843420026132&ns=1&abbucket=7&xxc=taobaoSearch&mi_id=0000cW1z_rowUadi3Fkg7r47Qb1M9ylSC32DVTiqAoM4JDI&skuId=6248018559653&priceTId=214780b017887048709341471e109b&utparam=%7B%22aplus_abtest%22%3A%228ad56adca93b2cd645540d4e04671046%22%7D&spm=a21n57.1.item.42
肌肉博士肌酸粉300克一水肌酸锌镁肌酸增肌健身男女爆发耐力,39.9,5000+人付款,正品奥赛周边,//item.taobao.com/item.htm?id=674263240568&ns=1&abbucket=7&xxc=taobaoSearch&mi_id=0000qhrQnFqkLf1V2M_STOtNQcKZ05nugJWrLrfV5QOoE2U&skuId=6014694481610&priceTId=214780b017887048709341471e109b&utparam=%7B%22aplus_abtest%22%3A%220d7cab9e4372e62f176edfed0cc54000%22%7D&spm=a21n57.1.item.43
Myprotein己能 熊猫一水肌酸健身补剂增强耐力爆发运动营养品250g,71.91,3万+人付款,回头客9万Myprotein海外旗舰店,//detail.tmall.com/item.htm?id=606699958890&ns=1&abbucket=7&xxc=taobaoSearch&mi_id=0000TvvtwE4tK8sb6veeF1mc6zXLlM2UD8Qcx4WDYITTJsU&skuId=6222566027276&priceTId=214780b017887048709341471e109b&utparam=%7B%22aplus_abtest%22%3A%227f1ca5d969c1e5a486267172ead006e2%22%7D&spm=a21n57.1.item.44
ON 奥普帝蒙 绿标一水肌酸粉100g/200g肌酸男女健身粉,69,4万+人付款,6年老店ON奥普帝蒙旗舰店,//detail.tmall.com/item.htm?id=619646208020&ns=1&abbucket=7&xxc=taobaoSearch&mi_id=0000zjCiNGXMpi9hj9OXlLJAjDdQXYk2PuSGBbkTruTWBDk&skuId=6241070426620&priceTId=214780b017887048709341471e109b&utparam=%7B%22aplus_abtest%22%3A%2290a00b17d81cbbd0b77f8274b468cd87%22%7D&spm=a21n57.1.item.45
【回购正装立减5元】FoYes快充肌酸一水锌镁肌酸粉力量耐力爆发力,6.07,8000+人付款,FoYes运动营养旗舰店,//detail.tmall.com/item.htm?id=1026752606293&ns=1&abbucket=7&xxc=taobaoSearch&mi_id=0000L6-eh3DSShop1eip2zkH4GIn0Shr8OfWSJFaJfl3vMU&skuId=6203896167758&priceTId=214780b017887048709341471e109b&utparam=%7B%22aplus_abtest%22%3A%22457489629c4e95142189a28b3c358813%22%7D&spm=a21n57.1.item.46
myprotein熊猫纯一水肌酸健身运动学生爆发力耐力非氮泵英国进口,47.9,6000+人付款,乘峰运动,//item.taobao.com/item.htm?id=940502786517&ns=1&abbucket=7&xxc=taobaoSearch&mi_id=0000-L97MbUNKKOld1fXnZokicSAJrXelbZkvZS_jtwEgyU&skuId=6004730102861&priceTId=214780b017887048709341471e109b&utparam=%7B%22aplus_abtest%22%3A%22c4d93089ee4250262e5ab52bf9f05832%22%7D&spm=a21n57.1.item.47
康比特纯一水肌酸耐力爆发增肌运动健身补剂锌镁肌酸粉官方旗舰店,73,2万+人付款,回头客10万康比特体育科技旗舰店,//detail.tmall.com/item.htm?id=595111277563&ns=1&abbucket=7&xxc=taobaoSearch&mi_id=00009ndV0ik86TvGg9kUhWYTynMJohDLi2xJ9-S2cZhebCY&skuId=6272044662052&priceTId=214780b017887048709341471e109b&utparam=%7B%22aplus_abtest%22%3A%22b3b17fa2a9f8a5b1f54336aeec85bed9%22%7D&spm=a21n57.1.item.48
bd必第能量一水肌酸粉纯肌酸粉100g健身运动力量耐力爆发力氨基酸,9.9,1万+人付款,老伟的皇冠补剂店,//item.taobao.com/item.htm?id=845418378705&ns=1&abbucket=7&xxc=taobaoSearch&mi_id=000012GAjYWzjivhvSeZRpHZTvLV876dK7uOCXiRNprKUhQ&skuId=6129333545918&priceTId=214780b017887048709341471e109b&utparam=%7B%22aplus_abtest%22%3A%221610968b2ef671a22dd56ae2603a227c%22%7D&spm=a21n57.1.item.49
美国ON奥普帝蒙欧普特蒙纯肌酸粉健身一水肌酸氮泵力量爆发力300g,103.95,2万+人付款,黑黑老大的地盘,//item.taobao.com/item.htm?id=704184813217&ns=1&abbucket=7&xxc=taobaoSearch&mi_id=0000fvlwD6GQZp_jry7-iyO_EQw3VmpNCVv_xvlJ91fMm3A&skuId=5250408188936&priceTId=214780b017887048709341471e109b&utparam=%7B%22aplus_abtest%22%3A%22febd5dae120ecfd7ea3a41d9e757528b%22%7D&spm=a21n57.1.item.50
FoYes肌酸锌镁一水肌酸粉耐力非氮泵氨基酸健身增肌补剂旗舰正品,53,3万+人付款,回头客400万阿里健康大药房,//detail.tmall.com/item.htm?id=904795850196&ns=1&abbucket=7&xxc=taobaoSearch&mi_id=0000c4Dpxf9gDkg8IpUVfoVNGMyk9pl7xOCm4iXZJ4XEmYg&skuId=5953888180490&priceTId=214780b017887048709341471e109b&utparam=%7B%22aplus_abtest%22%3A%2238fc3d33aeede2ce1d8d0b01afe4d15b%22%7D&spm=a21n57.1.item.51
BD能量高纯一水肌酸粉袋装100g健身运动力量耐力爆发力非氮泵,9.9,3万+人付款,BANNYDEER旗舰店,https://click.simba.taobao.com/cc_im?p=%BC%A1%CB%E1&s=1218673184&k=2649&e=GLKi%2BMQdcAUDhANIelmAVToiiwzdezVJ%2FvxvE394V%2Buxsn%2F3RSVvwaq02h%2BEW7VApgzk4vdsUFjux7rpa4HeqEQz2i%2BvoQxY4bhm7Sj9yFF5iT%2F%2FIiPcnFfkIB7EauvloQfS%2B3ghD8dMTwIJRgHIhPUu77Qr6%2Bx91PDfBiPkYBVAZboAxbxDnUeZW6Fu4riG%2FXci%2FyzLI0RzNZAxyPb5eXcr8BkVyNCdHYqZrxhHNhBUrie8oKoEZy3i6PPbGB53r5qTIIa%2BLTjUJDnd3jkm3bYCDwc5tlBMKHVTLpEhdQLG7P92Z4LbinF8q0Q7An9UNNutLtOdtSUAGwwLQEMEh1a1PFF5sQ%2FfHZ2uQ1CPj2P9emqspGU8DSLOzZHPAFmrCBav9RO1KatDerjjd3mss6kcd5nVxpr8sdT1d9cOAo6W7AqHh4cFTFEmds%2FqP2dNkd9DVITfXS9U79AwjicTKdGFvZ1pEzyFW%2BwBm6IrhwBKYXDIy7nZuJUTCxIoIQbiSmD34qqgNKLgjDCNcke%2FEcLo%2FjUZHycvjApUroXYDQGzNLjWiZdrdS6veftIWPNKugvpqyavlUCU9dp6mvQGvOFQBz1K1yq9R3qIqQbwj7MBMP2%2Bj8AZ9BhFi9MmTodt%2FkwPyvq4gr8q9hXsRdHThC1wmM1%2FMzpN2bJbFLDDVES12ga3HScMAOoetq%2F8h2hrWc6qjpY2SJaJs8ynK9m3NJkcNmtNubzD5d%2Fh4PdtQ9lEYYFye%2FOqeyb%2B0%2F9oP9Ab7NxomApFbF6CfFmKBf%2B8tnqKKslPJtzHd8QsF%2BeWJapX%2BckpYkvUUQkOQvJaRRoZ%2FPndgOeDbbZI8uk4OWYuyEgjxaWhLgUUN2Jz3SZB478LHBsfkxJXJF0LSvNBkOmJyGSSUXJ1N1zuQZGCo5v9Bvf67yBP08EWf1d8a4t2mk2keUq1OFW1SHwerccVCAmMCrbg3RBr9hT0L8QeJNfZzCyQ1WmSXHyrGQVHRT3fBlDvYmuxBpg8xOHiMkEsCPlH0%2Bf7ogQsDvObltGLSN666G4XCE8vnpBd%2BNqfXr4I3ywVoUVDwqZY241zvtRrrLJrS4ytIR6ByG7twiAJLzv8SLuccph7bVYBWAsdHffJHuXZ%2F1aNakg8Wqsw%2B6acaulbaefY%2BOF0BdquCPyKK6IWPxEPc7190Y2DXARDSyiWt0IWSLYXdL%2FX%2F0gjxaWhLgUU90zVNUi%2F%2BxBDQ06bIeM24pHuqazs1RrDrNEGsNnGS4P%2FV%2B7gKJZ6oDJ8M3QdsCnO%2B8OmTlGcGC1FhMsmGZXteBQ2c7ssJ%2Bbpp80s4XriJV1QxFtqmRk4pEEoGIzzkYakb%2BtEmPhJ09cDoyhod9mn2u%2BF5uleHbefbzjVHs0UE2M7SEML31JCKarwpzmcD%2FiGOB0U6UXSgNEMfKoHHlm9TmWlDjfnA6eHzCDOfT9uaIoZB4YAwzxNHdOy9xHPn5mZRnKURHOZmuPgKHEXgZD4QpkF4iD3VzPdpp0Cr6eE2upQP7CeEsVKoLw20LxxFyzLn8QtYw1V%2BBEX%2B5q82g9Cn9Ev6Id%2FyhhCEQPkgcf1VzVwFfV5%2BDBZp%2FLXJ9BV4g%2FRoQrmHmYgIdKMgtvKl8rHGVogLCzFmLSDboYRWTk4H2pZ1OpxxK%2Fothxm0ABcvcH%2FOPbsx7D0Dxd4H4oEuHkCcp13rVw2xtoubOEp5%2FuS8yWx%2FNJQFWtbWCzaLw83cXdXCJQrZ3l5Acq%2Fg9hLEyyZJ4aOZ%2BD2bXG3QXqta3zaLmJ2O66HUpjnXhzS2aeg1rK0kQ3OtvhYDTM8UmpL89TjWJdYFKleeTuvAPVphRRoLQ%2FSZ5eQ2a9d1FWae0MvG452YJSa6dmOTPwviWKK86puTyctAvIkF4zEVZp7Qy8bjnbuQNwDnNyobOaf8ypYc1zmH6tYrwS1u1K3onQQXcLzZF0CqjCqGWn%2FNseMKgALLNYipVHA81FU1DoH0lQt5dyy4o9nyYLgQqX%2FKkaNm4LUtHX3%2FGxk9awJ6oZsk8%2FR%2FYMJY1ikyVhPXhM7qdvf%2BdX0m7VfliCdYyJ4YOzBWeTqlsZ070E1wSZ%2BIKgZf8dCct4mCQDwb3t5z%2BrWanaaGGwHMRMfSEthksoBAAKxSyXl5SrRoX5me%2BKDKVJ92JwowdEr1H6f2foB99qx54GZHZnhFPPGFWBPw5hSwtoXogsjeDAZcXt99ldA49hR37%2BuPPK%2FscXCdbge1QQ8LKbBKabpEqVSNmQpSyyXQuC87nDz%2BHwwk52T3PUZs0DFz1kPrQmaPR6cOWVSdWmkqq%2BjpsyUfcMOoRy4UVim31Clme1bgmtGa8G3LWwSR8LfL1VuDQsM22CT84p4sPQZi2bIxOtNS9znFUeki5wKtkxwuBG33AGAOeqDBa6F5JtSls4O30413feSSD50SEgjxaWhLgUU6dS%2Fq%2BFHJ5KYTRIDOwCvTt8%2BUvZA%2BmVJczCRMlYEq%2F93LI6LguQrjL6ranqxDG55L4WXXfTviYmnrDpg%2BkGy1vwyjTzbSOtBgWXt4OuhHFZUtA0YKjuHVkjnNjazlfQeru0PROM3uA%2FW8OGMi%2BbMJH5zXpOWyKBU0S%2Foh3%2FKGEL6GhRwR2QR85nG4%2F8VLgTgl1ZUBtBLu5Qc%2FzIrXWeKag%3D%3D&mm_sceneid=0_0_3174494334_0&a=xxc%3Dad_ztc%26mi_id%3D0000us77dr95L3pPuuyuP2tFabtTvflHz4Ah-dERFiNSGQI%26skuId%3D6298107170744%26priceTId%3D214780b017887048810202114e109b%26utparam%3D%2525257B%25252522aplus_abtest%25252522%2525253A%252525227465279c5610de0325efee19fa65efa1%25252522%2525257D%26&id=834771253401&spm=a21n57.1.item.1
一水肌酸99.99%高纯度快充肌酸粉300g赠耐力爆发力运动健身力量,24.8,3万+人付款,回头客1万元气码头旗舰店,//detail.tmall.com/item.htm?id=792891863360&ns=1&abbucket=7&xxc=taobaoSearch&mi_id=0000SQA3f0kVoiRNetCZafPmpg1hleIaTLd5r8LsVbe8p78&skuId=5634191867606&priceTId=214780b017887048810202114e109b&utparam=%7B%22aplus_abtest%22%3A%22708776a2257cb45c9fa70f7e13c44f99%22%7D&spm=a21n57.1.item.2
爱兰纯一水肌酸99.99%高纯度肌酸粉300g耐力爆发力健身长增健肌肉,19.9,3万+人付款,臻补剂,//item.taobao.com/item.htm?id=835708919297&ns=1&abbucket=7&xxc=taobaoSearch&mi_id=0000wAlBWHzecR3mZUnFbc_6RPISTx5ywXcPJCa4gwtuE60&skuId=5823480305584&priceTId=214780b017887048810202114e109b&utparam=%7B%22aplus_abtest%22%3A%228c330027e5a61dc25ea282a95d705cae%22%7D&spm=a21n57.1.item.3
肌肉博士肌酸一水肌酸粉 锌镁肌酸高纯度健身运动补剂官方旗舰店,39.9,9万+人付款,肌肉博士旗舰店,//detail.tmall.com/item.htm?id=798105337288&ns=1&abbucket=7&xxc=taobaoSearch&fpChannel=101&fpChannelSig=cd3a6289d21d4bb0b4c74848ac0fc8f004515787&mi_id=0000rT1wMqG6bKPRVza_lQhF02ih85tGvuFStY66afJvi0A&skuId=6193185059845&priceTId=214780b017887048810202114e109b&utparam=%7B%22aplus_abtest%22%3A%224cdbc1e6fd1afa8134cab2fd7f5aa74d%22%7D&spm=a21n57.1.item.4
肌肉博士肌酸一水肌酸粉高纯度健身运动营养食品官方旗舰店正品,39.9,4万+人付款,肌肉博士旗舰店,//detail.tmall.com/item.htm?id=802745261057&ns=1&abbucket=7&xxc=taobaoSearch&mi_id=0000ppRQtFfQQK3ygcR5d5j0FrgoBwunIr5sL-b8YXuU1P4&skuId=5979996224775&priceTId=214780b017887048810202114e109b&utparam=%7B%22aplus_abtest%22%3A%225bf92bea3b047bbb641c175d5b253e86%22%7D&spm=a21n57.1.item.5
【爆品NO1】FoYes肌酸锌镁一水肌酸粉耐力氮泵氨基酸健身增肌补剂,63,10万+人付款,回头客2万FoYes旗舰店,//detail.tmall.com/item.htm?id=767739335818&ns=1&abbucket=7&xxc=taobaoSearch&mi_id=0000XCf5Xb9fqtljVgKw8dFOiDBrPSMG08QSu7IyxvUdGt8&skuId=6205772755394&priceTId=214780b017887048810202114e109b&utparam=%7B%22aplus_abtest%22%3A%220581c270fe5fbd88d2af7aba5e97342d%22%7D&spm=a21n57.1.item.6
诺特兰德肌酸一水肌酸锌镁肌酸耐力爆发力运动健身补剂非氨基酸,19.66,3万+人付款,回头客3万诺特兰德官方旗舰店,//detail.tmall.com/item.htm?id=726648410223&ns=1&abbucket=7&xxc=taobaoSearch&mi_id=0000lpUIsxIj22WiARnQ2IaW9Z3Nfov-F8gCp5rbC2sev0U&skuId=6286850230564&priceTId=214780b017887048810202114e109b&utparam=%7B%22aplus_abtest%22%3A%22c017492839fe531e7a867e54bc4f2b42%22%7D&spm=a21n57.1.item.7
BD能量300g罐装一水肌酸粉补剂耐力运动爆发补剂非氮泵官方正品,9.9,1万+人付款,BANNYDEER旗舰店,//detail.tmall.com/item.htm?id=706666965124&ns=1&abbucket=7&xxc=taobaoSearch&mi_id=0000WqOYwOLm4BXCcZBYoUkm4Sy61SYJSoG8n8DrWTK3xT8&skuId=6078393249842&priceTId=214780b017887048810202114e109b&utparam=%7B%22aplus_abtest%22%3A%22c7bfc68e74330537027b7cf3d01561e4%22%7D&spm=a21n57.1.item.8
训练怪兽一水肌酸运动健身训练营养补剂耐力爆发力氮泵锌镁肌酸粉,53,10万+人付款,6年老店训练怪兽旗舰店,//detail.tmall.com/item.htm?id=675874243731&ns=1&abbucket=7&xxc=taobaoSearch&mi_id=0000iJjb3RhYdrOlmQrxRiqZt3vo48AhhIaIM2uUrSK_uvA&skuId=6030643473818&priceTId=214780b017887048810202114e109b&utparam=%7B%22aplus_abtest%22%3A%22d0a58ef339a5a95d415b71524f5adc17%22%7D&spm=a21n57.1.item.9
诺特兰德肌酸一水肌酸高纯度运动健身补剂爆发增肌非支链氨基酸,20.93,3万+人付款,回头客20万诺特兰德旗舰店,//detail.tmall.com/item.htm?id=924410229064&ns=1&abbucket=7&xxc=taobaoSearch&mi_id=0000QXT1UEk5H600FdN3zksMB2md08-lDlL-Z9G2dpFTl0M&skuId=5897201680715&priceTId=214780b017887048810202114e109b&utparam=%7B%22aplus_abtest%22%3A%22f083d0fdffc25053b34a9a51cd30419c%22%7D&spm=a21n57.1.item.10
凯普锐斯KEEPMOMENT肌酸粉300g一水肌酸健身体育生爆发力耐力,19.9,8000+人付款,KEEPMOMENT旗舰店,//detail.tmall.com/item.htm?id=723279686559&ns=1&abbucket=7&xxc=taobaoSearch&mi_id=0000YToFyuLs9AkA6NcLB1Rdqf-jzFuT09v3LV6Jd5l0pus&skuId=5345763371925&priceTId=214780b017887048810202114e109b&utparam=%7B%22aplus_abtest%22%3A%228123d2a3666500e292022d66f8d3ede0%22%7D&spm=a21n57.1.item.11
食品级纯净一水肌酸纯粉健身增肌粉提高耐力长肌肉高纯度肌酸粉,13.4,2万+人付款,12年老店开心健身原料,//item.taobao.com/item.htm?id=673831634118&ns=1&abbucket=7&xxc=taobaoSearch&mi_id=0000gP4nubTCJ_4sX1jo8ykGZNDntwEygU5LyFo5f17hqGE&skuId=4850409481986&priceTId=214780b017887048810202114e109b&utparam=%7B%22aplus_abtest%22%3A%22cf27dfe4a466b54c70a2904be26971d1%22%7D&spm=a21n57.1.item.12
FoYes锌镁肌酸180g一水肌酸耐力爆发力非氮泵氨基酸健身增肌粉男,48.9,1万+人付款,异彩运动营养店,//item.taobao.com/item.htm?id=919596837979&ns=1&abbucket=7&xxc=taobaoSearch&mi_id=0000H-1QJ_Mx1QIk8wDEHxI8zifTJK0HYI-pkpygyG5CwfE&skuId=6240431391264&priceTId=214780b017887048810202114e109b&utparam=%7B%22aplus_abtest%22%3A%2271419d95056be5e15b086cae1cbdc5b4%22%7D&spm=a21n57.1.item.13
一水肌酸高纯度增肌粉袋装爆发力耐力运动健身补剂非氮泵纯肌酸粉,6.8,4000+人付款,5年老店汇生源生物科技,//item.taobao.com/item.htm?id=937439030984&ns=1&abbucket=7&xxc=taobaoSearch&mi_id=0000cF5UVkA3R66bJZ8nlQ29a-Bl4kXyfhLTF2KOROUtBD8&skuId=5865973229165&priceTId=214780b017887048810202114e109b&utparam=%7B%22aplus_abtest%22%3A%228de5aad98c350fd9cea52815e6e43335%22%7D&spm=a21n57.1.item.14
磅普锌镁肌酸粉300g高纯度99.99%果味肌酸健身补剂引爆肌力非氮泵,26.8,3000+人付款,磅普食品旗舰店,//detail.tmall.com/item.htm?id=1037797426895&ns=1&abbucket=7&xxc=taobaoSearch&mi_id=0000UfBaiq18Yd3Dqcp2vmGnnzl1kOtxmbsIIrKBFJvbJB4&skuId=6056895381862&priceTId=214780b017887048810202114e109b&utparam=%7B%22aplus_abtest%22%3A%2234f1dc32d1d8d53a4b6e8ce697b2cb43%22%7D&spm=a21n57.1.item.17
训练怪兽一水肌酸男女肌酸运动健身训练营养补剂增耐力肌酸粉官方,53,6000+人付款,6年老店训练怪兽旗舰店,//detail.tmall.com/item.htm?id=1057940758778&ns=1&abbucket=7&xxc=taobaoSearch&mi_id=0000rq4KzzVG7y6K-2lgMrW0vDValSy89lnn37itsCnUYfw&skuId=6108009292136&priceTId=214780b017887048810202114e109b&utparam=%7B%22aplus_abtest%22%3A%22fdb9c47091bb0b8199a780373fdf1eb0%22%7D&spm=a21n57.1.item.18
一水肌酸原粉 纯肌酸粉 食品级高纯度肌酸粉健身增肌粉提高爆发力,7.71,6000+人付款,14年老店尚宏生物科技,//item.taobao.com/item.htm?id=670900610588&ns=1&abbucket=7&xxc=taobaoSearch&mi_id=0000QWnELadSdKNaJHGgrgmOOWsfrDYXpL2VoA-wBaAnry8&skuId=4857161780844&priceTId=214780b017887048810202114e109b&utparam=%7B%22aplus_abtest%22%3A%2224bd2beb9f61720586beaf3a4c274d79%22%7D&spm=a21n57.1.item.19
肌肉博士肌酸一水肌酸粉红牛风味运动营养谷氨酰胺锌镁粉健身补剂,39.9,3万+人付款,肌肉博士旗舰店,//detail.tmall.com/item.htm?id=797919427138&ns=1&abbucket=7&xxc=taobaoSearch&mi_id=0000-3-U2Fi4VNhtNnX853uAstbmA4sfoGiHzMezTXyIBkE&skuId=5949965729098&priceTId=214780b017887048810202114e109b&utparam=%7B%22aplus_abtest%22%3A%227b65f1d1c9f2c863f51d2357bb5fae48%22%7D&spm=a21n57.1.item.20
诺特兰德肌酸一水肌酸正品运动健身补剂非氮泵氨基酸,19.8,2000+人付款,常乐运动补剂商城,//item.taobao.com/item.htm?id=730433180338&ns=1&abbucket=7&xxc=taobaoSearch&mi_id=0000rf_Smm8iCT_f3ErHP5B8f02PjKSIOl2wuLZTkH36vx8&skuId=5435267916609&priceTId=214780b017887048810202114e109b&utparam=%7B%22aplus_abtest%22%3A%2288a46e21f5f2edaf83bd5f9de3dd004e%22%7D&spm=a21n57.1.item.21
凯普锐斯KEEP MOMENT一水肌酸粉300g高纯肌酸粉补剂健身非氮泵,19.9,1000+人付款,KEEP MOMENT企业店,//item.taobao.com/item.htm?id=708998278054&ns=1&abbucket=7&xxc=taobaoSearch&mi_id=0000O55L0U5qv-QlJF9bPnDywHWVUtZ9s_WX58tesCFjiVA&skuId=5530433009865&priceTId=214780b017887048810202114e109b&utparam=%7B%22aplus_abtest%22%3A%22d7e92210c13c1b3eaa9ae60d3a1bfe8f%22%7D&spm=a21n57.1.item.22
爱兰纯一水肌酸99.99%高纯度肌酸粉300g健身耐力爆发力非氮泵bcaa,19.9,3000+人付款,超人 补剂,//item.taobao.com/item.htm?id=676121492633&ns=1&abbucket=7&xxc=taobaoSearch&mi_id=0000wCKGDQKYJ6UvCExf8jfcYozwVcHNHvfnuiPrwTlEWp0&skuId=5189320046061&priceTId=214780b017887048810202114e109b&utparam=%7B%22aplus_abtest%22%3A%22e16fed955197dfc8aa2516c5bc29ee32%22%7D&spm=a21n57.1.item.23
康比特炽金纯肌酸粉锌镁一水肌酸健身补剂力量爆发力耐力运动增肌,63,7000+人付款,回头客2万康比特品质店,//item.taobao.com/item.htm?id=768263999608&ns=1&abbucket=7&xxc=taobaoSearch&mi_id=0000yOykuEQGENxSXsvCjTuATPZEc7zIYUNzvMGfcuFo4oo&skuId=6180798059142&priceTId=214780b017887048810202114e109b&utparam=%7B%22aplus_abtest%22%3A%227dc501f2619728da13d1b777c4e372a1%22%7D&spm=a21n57.1.item.24
FoYes快充肌酸便携高纯锌镁一水肌酸耐力非氮泵健身增肌粉小袋装,7.9,4000+人付款,异彩运动营养店,//item.taobao.com/item.htm?id=918691195878&ns=1&abbucket=7&xxc=taobaoSearch&mi_id=0000CdTq97xmNyBySnHaPFYXIkqhi8IMm7sleXam_7C_RzY&skuId=6292402815903&priceTId=214780b017887048810202114e109b&utparam=%7B%22aplus_abtest%22%3A%22e207fc3dfa2ba6d1e79f0686f006ee2d%22%7D&spm=a21n57.1.item.25
迈斯朋克一水肌酸运动健身训练营养补剂耐力爆发力氮泵锌镁肌酸粉,28.42,2000+人付款,迈斯朋克焱焱专卖店,//detail.tmall.com/item.htm?id=999382488429&ns=1&abbucket=7&xxc=taobaoSearch&mi_id=0000UmTX9rJ4A16Cs0A48RGknvID1DLTAnBvwHuBKEGS9YA&skuId=5985210245614&priceTId=214780b017887048810202114e109b&utparam=%7B%22aplus_abtest%22%3A%2203ebd0b99c05baa31ced074c0b46e7a3%22%7D&spm=a21n57.1.item.26
米当卡快充肌酸高纯度一水肌酸粉耐力爆发力非氮泵氨基酸健身增肌,23.2,8000+人付款,回头客6万米当卡旗舰店,//detail.tmall.com/item.htm?id=854664203116&ns=1&abbucket=7&xxc=taobaoSearch&mi_id=0000Q3GedrTPvBgv5oWv2BjWSsMAacz4xzZMsW-XP9IWjZw&skuId=5826692263552&priceTId=214780b017887048810202114e109b&utparam=%7B%22aplus_abtest%22%3A%223738b3ecf9258921e351d5a231ee7083%22%7D&spm=a21n57.1.item.27
康比特锌镁肌酸粉100g高纯度肌酸速度爆发力力量运动健身营养粉,31.9,2000+人付款,异彩运动营养店,//item.taobao.com/item.htm?id=946140744606&ns=1&abbucket=7&xxc=taobaoSearch&mi_id=0000gOT7Q7lXrqI6UOjq5wfDySoBPAcN14GbdO7dNTXFiVs&skuId=6279067231944&priceTId=214780b017887048810202114e109b&utparam=%7B%22aplus_abtest%22%3A%22192e78bb6ba61a8b978addd7c7bf5420%22%7D&spm=a21n57.1.item.28
肌肉博士肌酸一水肌酸软糖便携健身训练运动增肌营养正品旗舰店,49,5000+人付款,肌肉博士旗舰店,//detail.tmall.com/item.htm?id=1049859360303&ns=1&abbucket=7&xxc=taobaoSearch&mi_id=000050LfGaJMijmg9J14Ak5QlU84kHkY9l-BwSNLwCVQV5M&skuId=6270651811617&priceTId=214780b017887048810202114e109b&utparam=%7B%22aplus_abtest%22%3A%2218ed229f2077aaa5094dfc853ef8566a%22%7D&spm=a21n57.1.item.29
HotRule一水肌酸粉锌镁肌酸粉耐力健身增肌力量非氮泵氨基酸补剂,38.41,1万+人付款,Hot Rule旗舰店,//detail.tmall.com/item.htm?id=905087865082&ns=1&abbucket=7&xxc=taobaoSearch&mi_id=0000HtsJpxbVtp-amWB9cgX0lKq9qNSqlxilpaqZdtygIV0&skuId=6279964270703&priceTId=214780b017887048810202114e109b&utparam=%7B%22aplus_abtest%22%3A%22d7514ac2dd6bac887ca736430c15b02d%22%7D&spm=a21n57.1.item.30
BD必第能量一水肌酸多口味肌酸粉100g袋装爆发力耐力健身A类补剂,9.9,8000+人付款,BANNYDEER旗舰店,//detail.tmall.com/item.htm?id=856801376795&ns=1&abbucket=7&xxc=taobaoSearch&mi_id=0000L2kYURig7T5dgpmfoSgH5ODTlIVb5yL7nxmZA2MVFFE&skuId=6078409473692&priceTId=214780b017887048810202114e109b&utparam=%7B%22aplus_abtest%22%3A%2213ed9ed109095fe55595f2f11108e82e%22%7D&spm=a21n57.1.item.32
Myprotein 一水肌酸粉运动增肌健身训练营养补剂耐力爆发力,48.21,3000+人付款,回头客9万Myprotein海外旗舰店,//detail.tmall.com/item.htm?id=539413299568&ns=1&abbucket=7&xxc=taobaoSearch&mi_id=0000n7U3K5f2rNe3wktike-T0huDIQ6EC9e1uGBJbRqfnOo&skuId=6128129437129&priceTId=214780b017887048810202114e109b&utparam=%7B%22aplus_abtest%22%3A%225df17d6fa2dc4f9e19bbe2852be75b20%22%7D&spm=a21n57.1.item.33
康比特肌酸锌镁一水肌酸粉耐力爆发力运动健身增肌补剂官方旗舰店,73,7万+人付款,回头客10万康比特体育科技旗舰店,//detail.tmall.com/item.htm?id=640468642224&ns=1&abbucket=7&xxc=taobaoSearch&mi_id=0000Ye_xGYGCRlnkvECfGlV4n3qe2HkuGUkvDcukbizY45o&skuId=6248616530251&priceTId=214780b017887048810202114e109b&utparam=%7B%22aplus_abtest%22%3A%2253f69e5a495a0d68d4184138beadae07%22%7D&spm=a21n57.1.item.34
元气码头一水肌酸粉男女健身运动补剂一水肌酸300克,22.8,3000+人付款,肌肉英雄运动营养,//item.taobao.com/item.htm?id=807158966777&ns=1&abbucket=7&xxc=taobaoSearch&mi_id=0000UmSoUTLD6xOGm4EfBgVBAx4a3AuZh_r-uDxCo3AKOCY&skuId=5570661872067&priceTId=214780b017887048810202114e109b&utparam=%7B%22aplus_abtest%22%3A%22ac0bdf869bc6b9f22ed4bd497688fe58%22%7D&spm=a21n57.1.item.35
肌肉博士肌酸一水肌酸粉果味高纯度300g增健肌耐力爆发力运动健身,39.9,5000+人付款,9年老店AD健身补剂,//item.taobao.com/item.htm?id=764639823319&ns=1&abbucket=7&xxc=taobaoSearch&mi_id=0000idauFp7eWK-jHTupeogfFQRd5X-mztpj9DBOADoN6-8&skuId=5749034932687&priceTId=214780b017887048810202114e109b&utparam=%7B%22aplus_abtest%22%3A%227548bf0271a11c8bd7ab00e4ea8adfe9%22%7D&spm=a21n57.1.item.36
bd必第能量一水肌酸100克袋装多口味性价比99.99纯度健身运动耐力,8.9,5000+人付款,9年老店健美黑军健美补剂正品店,//item.taobao.com/item.htm?id=838200077424&ns=1&abbucket=7&xxc=taobaoSearch&mi_id=0000ncXQiQpznpKaKHThGVufIaCiSRZOjcy5TgNaeCASTis&skuId=5947452469601&priceTId=214780b017887048810202114e109b&utparam=%7B%22aplus_abtest%22%3A%2273a7522728227cb0d9c89654217ad748%22%7D&spm=a21n57.1.item.37
训练怪兽一水肌酸男女运动营养补剂耐力爆发力女性谷氨健身氨基酸,51,2万+人付款,回头客400万阿里健康大药房,//detail.tmall.com/item.htm?id=971325805779&ns=1&abbucket=7&xxc=taobaoSearch&mi_id=0000HrHt6Hex7aU8bTSMMfatP3BL-KlkVGU0FBpMKGhG8e0&skuId=6206532770859&priceTId=214780b017887048810202114e109b&utparam=%7B%22aplus_abtest%22%3A%2225f41bba5695ec4c02cf00ec2d14e6a9%22%7D&spm=a21n57.1.item.38
99.99%欧力普一水肌酸健身运动补剂纯肌酸粉爆发肌肉非锌镁肌酸,27.9,1万+人付款,欧力普旗舰店,//detail.tmall.com/item.htm?id=811211584453&ns=1&abbucket=7&xxc=taobaoSearch&mi_id=0000yXdUtnPHELEziohKcbCYZfBhes7Bx2Vao7naE6fkR00&skuId=5987898745111&priceTId=214780b017887048810202114e109b&utparam=%7B%22aplus_abtest%22%3A%2240827a32d70f2ef9dc9984653a69d464%22%7D&spm=a21n57.1.item.39
诺特兰德肌酸一水肌酸耐力爆发力运动非支链BCAA健身增肌正品,18.81,900+人付款,回头客1000万天猫超市,//detail.tmall.com/item.htm?id=743389897392&ns=1&abbucket=7&xxc=taobaoSearch&mi_id=0000tOtm4FIVNGnr1n8KT5E8rEK5KmAqwxLjwdQe92B-Hfs&skuId=5125286280790&priceTId=214780b017887048810202114e109b&utparam=%7B%22aplus_abtest%22%3A%229ec34bc4917132e6e0c59a210660073e%22%7D&spm=a21n57.1.item.40
诺特兰德肌酸一水肌酸载体肌酸补剂纯肌酸粉体育生锌镁肌酸片,9.3,500+人付款,兰博运动营养,//item.taobao.com/item.htm?id=994368115528&ns=1&abbucket=7&xxc=taobaoSearch&mi_id=0000jLA73drgRkIMjZfBUriM094JAONYQXdoUWrNBelHMRk&skuId=5974194908634&priceTId=214780b017887048810202114e109b&utparam=%7B%22aplus_abtest%22%3A%2285065ca480fd0576206629b43a0b6d05%22%7D&spm=a21n57.1.item.41
UP训练怪兽一水肌酸袋装便携条装肌酸运动营养补剂耐力爆发力,17.91,1万+人付款,6年老店训练怪兽旗舰店,//detail.tmall.com/item.htm?id=843420026132&ns=1&abbucket=7&xxc=taobaoSearch&mi_id=0000cW1z_rowUadi3Fkg7r47QVHZ5gq81jVaUSDEWAYxP6U&skuId=6248018559653&priceTId=214780b017887048810202114e109b&utparam=%7B%22aplus_abtest%22%3A%220d5ebd6fad94736f730511d1b9830c43%22%7D&spm=a21n57.1.item.42
肌肉博士肌酸粉300克一水肌酸锌镁肌酸增肌健身男女爆发耐力,39.9,5000+人付款,正品奥赛周边,//item.taobao.com/item.htm?id=674263240568&ns=1&abbucket=7&xxc=taobaoSearch&mi_id=0000qhrQnFqkLf1V2M_STOtNQe9A9sIwGOmgZoTnWB9C2ZQ&skuId=6014694481610&priceTId=214780b017887048810202114e109b&utparam=%7B%22aplus_abtest%22%3A%220f924c15ce0bd08e43255b40c434da96%22%7D&spm=a21n57.1.item.43
Myprotein己能 熊猫一水肌酸健身补剂增强耐力爆发运动营养品250g,71.91,3万+人付款,回头客9万Myprotein海外旗舰店,//detail.tmall.com/item.htm?id=606699958890&ns=1&abbucket=7&xxc=taobaoSearch&mi_id=0000TvvtwE4tK8sb6veeF1mc6zrAfuaBuxeSQsDMVrqTUDw&skuId=6222566027276&priceTId=214780b017887048810202114e109b&utparam=%7B%22aplus_abtest%22%3A%22c982c4bbfb1f2a97a7ffaf93c5e7ea34%22%7D&spm=a21n57.1.item.44
ON 奥普帝蒙 绿标一水肌酸粉100g/200g肌酸男女健身粉,69,4万+人付款,6年老店ON奥普帝蒙旗舰店,//detail.tmall.com/item.htm?id=619646208020&ns=1&abbucket=7&xxc=taobaoSearch&mi_id=0000zjCiNGXMpi9hj9OXlLJAjKdKC3IzFZ91hTCoWaSGuc8&skuId=6241070426620&priceTId=214780b017887048810202114e109b&utparam=%7B%22aplus_abtest%22%3A%22e21b43e9c97edb95e6a8cbb5ef2a4173%22%7D&spm=a21n57.1.item.45
【回购正装立减5元】FoYes快充肌酸一水锌镁肌酸粉力量耐力爆发力,6.07,8000+人付款,FoYes运动营养旗舰店,//detail.tmall.com/item.htm?id=1026752606293&ns=1&abbucket=7&xxc=taobaoSearch&mi_id=0000L6-eh3DSShop1eip2zkH4O238Oz3ExmZ0JLFE0xp5DE&skuId=6203896167758&priceTId=214780b017887048810202114e109b&utparam=%7B%22aplus_abtest%22%3A%22bc22e06b76e5fb7940c49b9fe8d5fd59%22%7D&spm=a21n57.1.item.46
myprotein熊猫纯一水肌酸健身运动学生爆发力耐力非氮泵英国进口,47.9,6000+人付款,乘峰运动,//item.taobao.com/item.htm?id=940502786517&ns=1&abbucket=7&xxc=taobaoSearch&mi_id=0000-L97MbUNKKOld1fXnZokifkV8AHTs7YKn0lo1HyYius&skuId=6004730102861&priceTId=214780b017887048810202114e109b&utparam=%7B%22aplus_abtest%22%3A%22a2956880657a2b4e5a745db2d7e03d49%22%7D&spm=a21n57.1.item.47
康比特纯一水肌酸耐力爆发增肌运动健身补剂锌镁肌酸粉官方旗舰店,73,2万+人付款,回头客10万康比特体育科技旗舰店,//detail.tmall.com/item.htm?id=595111277563&ns=1&abbucket=7&xxc=taobaoSearch&mi_id=00009ndV0ik86TvGg9kUhWYTyh9bLNItCNZMy0ggPSwFTGM&skuId=6272044662052&priceTId=214780b017887048810202114e109b&utparam=%7B%22aplus_abtest%22%3A%227c6ef32da3efc35447352b5a15bdc372%22%7D&spm=a21n57.1.item.48
bd必第能量一水肌酸粉纯肌酸粉100g健身运动力量耐力爆发力氨基酸,9.9,1万+人付款,老伟的皇冠补剂店,//item.taobao.com/item.htm?id=845418378705&ns=1&abbucket=7&xxc=taobaoSearch&mi_id=000012GAjYWzjivhvSeZRpHZTtlBLun6Z7kWYchP3dhUnNA&skuId=6129333545918&priceTId=214780b017887048810202114e109b&utparam=%7B%22aplus_abtest%22%3A%22208a6cf195e8c55bddcc3b6295e69dde%22%7D&spm=a21n57.1.item.49
美国ON奥普帝蒙欧普特蒙纯肌酸粉健身一水肌酸氮泵力量爆发力300g,103.95,2万+人付款,黑黑老大的地盘,//item.taobao.com/item.htm?id=704184813217&ns=1&abbucket=7&xxc=taobaoSearch&mi_id=0000fvlwD6GQZp_jry7-iyO_EdiqIaufFcQVM7VjGYAJ5Ds&skuId=5250408188936&priceTId=214780b017887048810202114e109b&utparam=%7B%22aplus_abtest%22%3A%22a3e4572d8a474f59d2b05b0440db8671%22%7D&spm=a21n57.1.item.50
FoYes肌酸锌镁一水肌酸粉耐力非氮泵氨基酸健身增肌补剂旗舰正品,53,3万+人付款,回头客400万阿里健康大药房,//detail.tmall.com/item.htm?id=904795850196&ns=1&abbucket=7&xxc=taobaoSearch&mi_id=0000c4Dpxf9gDkg8IpUVfoVNGIm744ah27HjGEe7XuZp79M&skuId=5953888180490&priceTId=214780b017887048810202114e109b&utparam=%7B%22aplus_abtest%22%3A%2217f799c74522639fdaa0d2980d4145a7%22%7D&spm=a21n57.1.item.51
BD能量高纯一水肌酸粉袋装100g健身运动力量耐力爆发力非氮泵,9.9,3万+人付款,BANNYDEER旗舰店,https://click.simba.taobao.com/cc_im?p=%BC%A1%CB%E1&s=796282439&k=2649&e=JQwwZDd2kP5C1THeyrE7oe58DSH4fSQlZDU9zNEzmKefeoHRDdIrfnjr3jHHFwlcyzuCwApImsn6RGeBlRR8xZNR5%2FLgWVrJ%2B95loDsFjlxjBaP3cJoNQCeJZLBjhvB2BOWuveaKJnzZ8qkdW1RQgjCEyQrj43RVSeTd9L5zWa8q1Qsd1QNi2qfoeKx1yYqu5Wk3O8t2jZ%2BTxVUMnLKbhVXBEff4uNeLkNG21vgNkFiywyZtYIhtoadtB5BO8WE9g5%2BHf7%2Bi1f9my%2FGHscl9TLER6HoG9MOr1efxukUc5VQDgu3xXUL2R5qRD2tif%2F66%2FMz3gfLytGa73YhDJMLai1RxQkAUy75lkFW9LOM7fDxICaNA3Mr%2B%2FH%2BEZm%2BWwFYRxsBiUDbZh03wwFKKpnIAAJKgadEaUe8QMdaSDaYu5nvgYgSiJbpsIcv094Kg4drmadu1XQGKGHgsYgKofqvNFcrx6RRIKkmlmEnrrAbBvp1wGELeflarljY061BTVld0jSnD7PViKfVuWXlmCQIE7Nb%2FLKtjsNZfCI%2BFkwdGFCVTxZwRJiaYlPaeorlUxpdMqCUyMpOSZdZkK4zGri07en1y9AEaVn8F2i5PpsIHvCA2amy6OwiJcqizLBR3Ln6cBb%2B%2B8GaH9fWEnOMdpyA%2Fj3Idft3B0YObSp%2Fy3f4QaJpnUt8eomMLrhTpPmNJlVIgl%2FQjRIJ%2FpYgPRnAR2rP65fX6DAk3%2BgphgJIbqU7LrmmLEwibyviwz4FMDjRPjocfGWkoxQJVMxyKud3%2FZD4kVhaec65t0XLhn5JxqlV9ckgISAkli%2BRDd7ciKrYnRXPe9kSorRzFlbydtDu5%2F5PeNHXHJfWqZFCHAcA%2FbaWpZp8v190OhflqIPYBF4EyMVK0%2FZzMrJhdyJlRPoSKAM%2FFktOmBIEumU528hc%2B%2FymNKq4F%2FqR0a%2FjAuG5oi0G408h13WxU8ifVtM6VzBKRrx4MvW56%2BD6%2Bbg%2FeLwCofbgb1Q56TGa68GlZDZ%2BnCwtBh%2BxJaulheDwk1SzzZpwMf2GElji4BnuQ9wLPpBaQyE59F%2FzAwC%2Bq4f0oRlWpMXM%2BbEo3IPtIFhImkX%2FFYMOUBI%2BlVTGy0Q3uwhCe%2B6%2BTZkoUJKn25evMZ%2B3CNN4Lq9owvpjJLW8LrV%2B1Z6hI%2BD4XZmBrFyeF003Klt1OjoJor48vAQU4gaCza%2FZKQXXHJfWqZFCHED5c3mGgs%2Fv1Xzpay6CWjOFzmHVjDw%2FWpjTdb2NNEYxfn5pUtLKZBA9mSI%2FfCSD%2BqubgRPb2Uu7fHdQeDvBtBvVcL5BO9FsGdWSCWE3aXhnl7jhL7j7Z0xepPTgINWF6uCkyoY98y5dIF9TXBkSaz%2Bcwxiqd9RulhicowWAng2dRsx6eHOcHg2zHdTB2XFmJpz4W23KHkORChObYbmsuUFnc9uo7X7mQRgBEKnP6kwRCDwLJmFHN3SVOjqVxu41yMJmrZWf1s0%2F0EORtH5UO%2Fy1QqMYtdfSsCD1W4QOpZQtaB0KejpZA3SnHVeJquxaAOv0SBYpOhsP1FXN4YFG5KEEEHme8xF8mQtRZRinQ%2BAYYmXJ8JYzge6%2F7kVGfoqd9ng69cKpMXCVE%2FGU%2Bq%2Bj1BCVKcFRc6MpL4vaXRKLdCM9T0mjaH9JAmN%2FDJQ0VZdqmPEOCXFpuLTlSFexa9BSz25z0B316BvZWiXoMpjcUN0W3f2zwoLdaS4as%2BA7mmAvTAKTQEQ%2BfBZ53gDsrL046EKzs%2FrSdg6c8Lx8XOH1QIsX6Qj5hE14mq%2FUE6DFIb1K%2FVPb%2BXn24ekshE5r99RFFyOZRuwhrYa8XqsfyWzVeEgOBXyuXpKdFxe6ZAA2zpFii8LvlA8efT%2B97JfET9cvbzT27TqWlZVHe7pkADbOkWKL%2BymXiAsoHD%2Fw5jfjmHAmMX5VY5dDnu%2BLBvng8Soo8c4vu6Mt5Hcppj3iU43CccrnP%2F9WebivDsvZeCmh%2BE147jsRcAS66r6BM%2BOdV693E6w%2F2sIeJfM1RoNjsYhQt9sOLuUPZ2%2FcUr3tN9rjRiJ7QyRMKvbC76Q1gBLfi%2FQQas3qwTC1uSgHuK0o7fIJbDhUnw7Mt5jBvO%2BLwPN8ma5dWeaEKqx2h%2B4puifZ9AXYpypay04rlIPIW4w8FJumwzspEoBcUQt7CQ1bjz%2F1pYrvGKDVRjfWcUBswKOxwhweluNEIexXbvncKwGe3OIpcb7MElxgeGp6KbhE93AqDKRXas0eVd7w0uOjHgNnHAnqyJZiwxVdovyuAFTL%2FpMpAVPyce7WiNs6qETlE7VhJxatNXmojbNA71ZrHZtUGrKoC1GcWGKJAbL80zC7v79slYBqplpyholfOh0TpFagqu0NgLcY0%2FGXSr2QuQEPusJcc3%2F1WHpJwFAOarMZoHS%2FZ2Nx9ZP8MpVBZXXXHJfWqZFCHidQtuMav%2FU8GOwcwRe0P2NtqZvpkwe3zaWiY0oJc6p37C30Pf1e9buMXGIP%2BesflJDNun1bN6yB%2FJWdKIPDauYuRXypAehMkHCjRj84ez7t41NpooksABHZAbFaREfiVKQNoOM4vQ3hSyhitphZXCeA%2BMdP%2BOsKZQQQeZ7zEXyZF%2F5m2d9LrHERSlRZHIcuP1veYinzbUSTiRwaumnYTTQ%3D%3D&mm_sceneid=0_0_3174494334_0&a=xxc%3Dad_ztc%26mi_id%3D0000us77dr95L3pPuuyuP2tFaUYvZJgOKGNfuOZkOaCSd3w%26skuId%3D6298107170744%26priceTId%3D214780b017887048905222613e109b%26utparam%3D%2525257B%25252522aplus_abtest%25252522%2525253A%25252522e2f1440fec96ba4bc2ec82fa2b9c3715%25252522%2525257D%26&id=834771253401&spm=a21n57.1.item.1
一水肌酸99.99%高纯度快充肌酸粉300g赠耐力爆发力运动健身力量,24.8,3万+人付款,回头客1万元气码头旗舰店,//detail.tmall.com/item.htm?id=792891863360&ns=1&abbucket=7&xxc=taobaoSearch&mi_id=0000SQA3f0kVoiRNetCZafPmpgrW8U4YDNaKw0NUCxIP_mQ&skuId=5634191867606&priceTId=214780b017887048905222613e109b&utparam=%7B%22aplus_abtest%22%3A%222d3061908a73a4ebcc2a8e49d1d3d7fe%22%7D&spm=a21n57.1.item.2
爱兰纯一水肌酸99.99%高纯度肌酸粉300g耐力爆发力健身长增健肌肉,19.9,3万+人付款,臻补剂,//item.taobao.com/item.htm?id=835708919297&ns=1&abbucket=7&xxc=taobaoSearch&mi_id=0000wAlBWHzecR3mZUnFbc_6RKTRtfVkgBuaI6Wz68pzDno&skuId=5823480305584&priceTId=214780b017887048905222613e109b&utparam=%7B%22aplus_abtest%22%3A%2201a3bad566a74f19350a8238c65a6109%22%7D&spm=a21n57.1.item.3
肌肉博士肌酸一水肌酸粉 锌镁肌酸高纯度健身运动补剂官方旗舰店,39.9,9万+人付款,肌肉博士旗舰店,//detail.tmall.com/item.htm?id=798105337288&ns=1&abbucket=7&xxc=taobaoSearch&fpChannel=101&fpChannelSig=cd3a6289d21d4bb0b4c74848ac0fc8f004515787&mi_id=0000rT1wMqG6bKPRVza_lQhF0x05vapCAWiZgLEq2zUU4u4&skuId=6193185059845&priceTId=214780b017887048905222613e109b&utparam=%7B%22aplus_abtest%22%3A%2231f3d85a9bf4471bf8a7eaad80d1bedb%22%7D&spm=a21n57.1.hoverItem.4
肌肉博士肌酸一水肌酸粉高纯度健身运动营养食品官方旗舰店正品,39.9,4万+人付款,肌肉博士旗舰店,//detail.tmall.com/item.htm?id=802745261057&ns=1&abbucket=7&xxc=taobaoSearch&mi_id=0000ppRQtFfQQK3ygcR5d5j0Fhg8oi-XD7Han1tA2c6Kes4&skuId=5979996224775&priceTId=214780b017887048905222613e109b&utparam=%7B%22aplus_abtest%22%3A%2276b7b787c7af1e87227812177ca19bb9%22%7D&spm=a21n57.1.item.5
【爆品NO1】FoYes肌酸锌镁一水肌酸粉耐力氮泵氨基酸健身增肌补剂,63,10万+人付款,回头客2万FoYes旗舰店,//detail.tmall.com/item.htm?id=767739335818&ns=1&abbucket=7&xxc=taobaoSearch&mi_id=0000XCf5Xb9fqtljVgKw8dFOiJfSJ8-hM0tNXsyLkjkpsqY&skuId=6205772755394&priceTId=214780b017887048905222613e109b&utparam=%7B%22aplus_abtest%22%3A%22114632be29c9df2a9d78d9ed4329d740%22%7D&spm=a21n57.1.item.6
诺特兰德肌酸一水肌酸锌镁肌酸耐力爆发力运动健身补剂非氨基酸,19.66,3万+人付款,回头客3万诺特兰德官方旗舰店,//detail.tmall.com/item.htm?id=726648410223&ns=1&abbucket=7&xxc=taobaoSearch&mi_id=0000lpUIsxIj22WiARnQ2IaW9VE-gUE-49-aFhZkEQhYRNI&skuId=6286850230564&priceTId=214780b017887048905222613e109b&utparam=%7B%22aplus_abtest%22%3A%22a34dd4f5a03a1082f4882f6043fb7b4a%22%7D&spm=a21n57.1.item.7
BD能量300g罐装一水肌酸粉补剂耐力运动爆发补剂非氮泵官方正品,9.9,1万+人付款,BANNYDEER旗舰店,//detail.tmall.com/item.htm?id=706666965124&ns=1&abbucket=7&xxc=taobaoSearch&mi_id=0000WqOYwOLm4BXCcZBYoUkm4QANBcap4cAzvAgJbGeR8T8&skuId=6078393249842&priceTId=214780b017887048905222613e109b&utparam=%7B%22aplus_abtest%22%3A%22ee01059d1290ec8ebf930aac3da95c22%22%7D&spm=a21n57.1.item.8
训练怪兽一水肌酸运动健身训练营养补剂耐力爆发力氮泵锌镁肌酸粉,53,10万+人付款,6年老店训练怪兽旗舰店,//detail.tmall.com/item.htm?id=675874243731&ns=1&abbucket=7&xxc=taobaoSearch&mi_id=0000iJjb3RhYdrOlmQrxRiqZtyJh8vXdwKV68tTIIxr5IyM&skuId=6030643473818&priceTId=214780b017887048905222613e109b&utparam=%7B%22aplus_abtest%22%3A%223c8106acc2462b401cfb494583945242%22%7D&spm=a21n57.1.item.9
诺特兰德肌酸一水肌酸高纯度运动健身补剂爆发增肌非支链氨基酸,20.93,3万+人付款,回头客20万诺特兰德旗舰店,//detail.tmall.com/item.htm?id=924410229064&ns=1&abbucket=7&xxc=taobaoSearch&mi_id=0000QXT1UEk5H600FdN3zksMB6ctugr0AIgwkxB_LCwcPOs&skuId=5897201680715&priceTId=214780b017887048905222613e109b&utparam=%7B%22aplus_abtest%22%3A%225cc172edbbb88d1a36d18718ba6ddd85%22%7D&spm=a21n57.1.item.10
凯普锐斯KEEPMOMENT肌酸粉300g一水肌酸健身体育生爆发力耐力,19.9,8000+人付款,KEEPMOMENT旗舰店,//detail.tmall.com/item.htm?id=723279686559&ns=1&abbucket=7&xxc=taobaoSearch&mi_id=0000YToFyuLs9AkA6NcLB1RdqZVsMNNBOhDZXJdy-WrQ5M4&skuId=5345763371925&priceTId=214780b017887048905222613e109b&utparam=%7B%22aplus_abtest%22%3A%2217ebd3a80888bd7f4accbf2be476ecc3%22%7D&spm=a21n57.1.item.11
食品级纯净一水肌酸纯粉健身增肌粉提高耐力长肌肉高纯度肌酸粉,13.4,2万+人付款,12年老店开心健身原料,//item.taobao.com/item.htm?id=673831634118&ns=1&abbucket=7&xxc=taobaoSearch&mi_id=0000gP4nubTCJ_4sX1jo8ykGZJbOZfUqk26Fifxx9-dVR6g&skuId=4850409481986&priceTId=214780b017887048905222613e109b&utparam=%7B%22aplus_abtest%22%3A%22ad604190f11b7241c11cf001a3806e28%22%7D&spm=a21n57.1.item.12
FoYes锌镁肌酸180g一水肌酸耐力爆发力非氮泵氨基酸健身增肌粉男,48.9,1万+人付款,异彩运动营养店,//item.taobao.com/item.htm?id=919596837979&ns=1&abbucket=7&xxc=taobaoSearch&mi_id=0000H-1QJ_Mx1QIk8wDEHxI8zsYLbJvDanFb1f5mMge306Y&skuId=6240431391264&priceTId=214780b017887048905222613e109b&utparam=%7B%22aplus_abtest%22%3A%22f17e61caeeded36c25221d1973120303%22%7D&spm=a21n57.1.item.13
一水肌酸高纯度增肌粉袋装爆发力耐力运动健身补剂非氮泵纯肌酸粉,6.8,4000+人付款,5年老店汇生源生物科技,//item.taobao.com/item.htm?id=937439030984&ns=1&abbucket=7&xxc=taobaoSearch&mi_id=0000cF5UVkA3R66bJZ8nlQ29awGEGdRsdu_-ajhl4Nxy47k&skuId=5865973229165&priceTId=214780b017887048905222613e109b&utparam=%7B%22aplus_abtest%22%3A%22e55720fac3c0e4ee1e60f548a06e7554%22%7D&spm=a21n57.1.item.14
磅普锌镁肌酸粉300g高纯度99.99%果味肌酸健身补剂引爆肌力非氮泵,26.8,3000+人付款,磅普食品旗舰店,//detail.tmall.com/item.htm?id=1037797426895&ns=1&abbucket=7&xxc=taobaoSearch&mi_id=0000UfBaiq18Yd3Dqcp2vmGnn1_-i5jkKaSoE7dbQKsQZAk&skuId=6056895381862&priceTId=214780b017887048905222613e109b&utparam=%7B%22aplus_abtest%22%3A%22706c2befaf9cb334cfa60363281b039f%22%7D&spm=a21n57.1.item.17
训练怪兽一水肌酸男女肌酸运动健身训练营养补剂增耐力肌酸粉官方,53,6000+人付款,6年老店训练怪兽旗舰店,//detail.tmall.com/item.htm?id=1057940758778&ns=1&abbucket=7&xxc=taobaoSearch&mi_id=0000rq4KzzVG7y6K-2lgMrW0vA_NRW85olQj-aXr8kwkpn0&skuId=6108009292136&priceTId=214780b017887048905222613e109b&utparam=%7B%22aplus_abtest%22%3A%22347f65aad1f977658a5ee4317a82648e%22%7D&spm=a21n57.1.item.18
一水肌酸原粉 纯肌酸粉 食品级高纯度肌酸粉健身增肌粉提高爆发力,7.71,6000+人付款,14年老店尚宏生物科技,//item.taobao.com/item.htm?id=670900610588&ns=1&abbucket=7&xxc=taobaoSearch&mi_id=0000QWnELadSdKNaJHGgrgmOOTld2ihcPdEu-pm5e8Km2LA&skuId=4857161780844&priceTId=214780b017887048905222613e109b&utparam=%7B%22aplus_abtest%22%3A%225ee416adf10880a32cd5c062fc1069b0%22%7D&spm=a21n57.1.item.19
肌肉博士肌酸一水肌酸粉红牛风味运动营养谷氨酰胺锌镁粉健身补剂,39.9,3万+人付款,肌肉博士旗舰店,//detail.tmall.com/item.htm?id=797919427138&ns=1&abbucket=7&xxc=taobaoSearch&mi_id=0000-3-U2Fi4VNhtNnX853uAsssEtr4QW8hgMg3CdZo3-zI&skuId=5949965729098&priceTId=214780b017887048905222613e109b&utparam=%7B%22aplus_abtest%22%3A%22ab3c606432a059bc97c85e034a109c1c%22%7D&spm=a21n57.1.item.20
诺特兰德肌酸一水肌酸正品运动健身补剂非氮泵氨基酸,19.8,2000+人付款,常乐运动补剂商城,//item.taobao.com/item.htm?id=730433180338&ns=1&abbucket=7&xxc=taobaoSearch&mi_id=0000rf_Smm8iCT_f3ErHP5B8f6b5FdXmVIypfXHAqPhLIq0&skuId=5435267916609&priceTId=214780b017887048905222613e109b&utparam=%7B%22aplus_abtest%22%3A%22272389dae61a0c49f959644fca04ad80%22%7D&spm=a21n57.1.item.21
凯普锐斯KEEP MOMENT一水肌酸粉300g高纯肌酸粉补剂健身非氮泵,19.9,1000+人付款,KEEP MOMENT企业店,//item.taobao.com/item.htm?id=708998278054&ns=1&abbucket=7&xxc=taobaoSearch&mi_id=0000O55L0U5qv-QlJF9bPnDywENRFue70g9iZcOxE5pqPFc&skuId=5530433009865&priceTId=214780b017887048905222613e109b&utparam=%7B%22aplus_abtest%22%3A%226c631b760c67c5d47b426ace9854833b%22%7D&spm=a21n57.1.item.22
爱兰纯一水肌酸99.99%高纯度肌酸粉300g健身耐力爆发力非氮泵bcaa,19.9,3000+人付款,超人 补剂,//item.taobao.com/item.htm?id=676121492633&ns=1&abbucket=7&xxc=taobaoSearch&mi_id=0000wCKGDQKYJ6UvCExf8jfcYk2mKNrf38WLl0M5_w9chNk&skuId=5189320046061&priceTId=214780b017887048905222613e109b&utparam=%7B%22aplus_abtest%22%3A%22c8fe55f795e888dadd3de9c49aa718fd%22%7D&spm=a21n57.1.item.23
康比特炽金纯肌酸粉锌镁一水肌酸健身补剂力量爆发力耐力运动增肌,63,7000+人付款,回头客2万康比特品质店,//item.taobao.com/item.htm?id=768263999608&ns=1&abbucket=7&xxc=taobaoSearch&mi_id=0000yOykuEQGENxSXsvCjTuATIx3RXKxkuePHBdnRGYidxo&skuId=6180798059142&priceTId=214780b017887048905222613e109b&utparam=%7B%22aplus_abtest%22%3A%228eec49a1b55ad041648fd90aaf6695ee%22%7D&spm=a21n57.1.item.24
FoYes快充肌酸便携高纯锌镁一水肌酸耐力非氮泵健身增肌粉小袋装,7.9,4000+人付款,异彩运动营养店,//item.taobao.com/item.htm?id=918691195878&ns=1&abbucket=7&xxc=taobaoSearch&mi_id=0000CdTq97xmNyBySnHaPFYXInMnfWWWA3vWyGm-qc_t4zc&skuId=6292402815903&priceTId=214780b017887048905222613e109b&utparam=%7B%22aplus_abtest%22%3A%2288a95a53bd62ccaf24670526805f636e%22%7D&spm=a21n57.1.item.25
迈斯朋克一水肌酸运动健身训练营养补剂耐力爆发力氮泵锌镁肌酸粉,28.42,2000+人付款,迈斯朋克焱焱专卖店,//detail.tmall.com/item.htm?id=999382488429&ns=1&abbucket=7&xxc=taobaoSearch&mi_id=0000UmTX9rJ4A16Cs0A48RGknuPh6Z1lpfpWgcGsNIdN_sw&skuId=5985210245614&priceTId=214780b017887048905222613e109b&utparam=%7B%22aplus_abtest%22%3A%22a3f1d24d95a24076669250de7b84f3df%22%7D&spm=a21n57.1.item.26
米当卡快充肌酸高纯度一水肌酸粉耐力爆发力非氮泵氨基酸健身增肌,23.2,8000+人付款,回头客6万米当卡旗舰店,//detail.tmall.com/item.htm?id=854664203116&ns=1&abbucket=7&xxc=taobaoSearch&mi_id=0000Q3GedrTPvBgv5oWv2BjWSrwmn0ZFBy4hgZdlbJyXLKs&skuId=5826692263552&priceTId=214780b017887048905222613e109b&utparam=%7B%22aplus_abtest%22%3A%227093902f68c7db4e04f7844f0e004614%22%7D&spm=a21n57.1.item.27
康比特锌镁肌酸粉100g高纯度肌酸速度爆发力力量运动健身营养粉,31.9,2000+人付款,异彩运动营养店,//item.taobao.com/item.htm?id=946140744606&ns=1&abbucket=7&xxc=taobaoSearch&mi_id=0000gOT7Q7lXrqI6UOjq5wfDyfztcI2wqKVhsPFgDat3eHc&skuId=6279067231944&priceTId=214780b017887048905222613e109b&utparam=%7B%22aplus_abtest%22%3A%22ca0945df3a982993ec0f0231a53885f5%22%7D&spm=a21n57.1.item.28
肌肉博士肌酸一水肌酸软糖便携健身训练运动增肌营养正品旗舰店,49,5000+人付款,肌肉博士旗舰店,//detail.tmall.com/item.htm?id=1049859360303&ns=1&abbucket=7&xxc=taobaoSearch&mi_id=000050LfGaJMijmg9J14Ak5QlXjutk6329wIv2191wNMC08&skuId=6270651811617&priceTId=214780b017887048905222613e109b&utparam=%7B%22aplus_abtest%22%3A%22688b5b924ae7790e7dc4990fb1f81165%22%7D&spm=a21n57.1.item.29
HotRule一水肌酸粉锌镁肌酸粉耐力健身增肌力量非氮泵氨基酸补剂,38.41,1万+人付款,Hot Rule旗舰店,//detail.tmall.com/item.htm?id=905087865082&ns=1&abbucket=7&xxc=taobaoSearch&mi_id=0000HtsJpxbVtp-amWB9cgX0lDA0pJLWb8vrRW4Tk89B4aQ&skuId=6279964270703&priceTId=214780b017887048905222613e109b&utparam=%7B%22aplus_abtest%22%3A%228cbbf83653673cb9bf0a2aabbfa7d1b4%22%7D&spm=a21n57.1.item.30
BD必第能量一水肌酸多口味肌酸粉100g袋装爆发力耐力健身A类补剂,9.9,8000+人付款,BANNYDEER旗舰店,//detail.tmall.com/item.htm?id=856801376795&ns=1&abbucket=7&xxc=taobaoSearch&mi_id=0000L2kYURig7T5dgpmfoSgH5EACDsZfy-HcwRJ78zEu3cY&skuId=6078409473692&priceTId=214780b017887048905222613e109b&utparam=%7B%22aplus_abtest%22%3A%2217942ef25c008f0932551bf326717a12%22%7D&spm=a21n57.1.item.32
Myprotein 一水肌酸粉运动增肌健身训练营养补剂耐力爆发力,48.21,3000+人付款,回头客9万Myprotein海外旗舰店,//detail.tmall.com/item.htm?id=539413299568&ns=1&abbucket=7&xxc=taobaoSearch&mi_id=0000n7U3K5f2rNe3wktike-T0vMlvT-bmMCpoXbxm2mb9X8&skuId=6128129437129&priceTId=214780b017887048905222613e109b&utparam=%7B%22aplus_abtest%22%3A%2231f987fe5fac47d5d28392e49c5f68b8%22%7D&spm=a21n57.1.item.33
康比特肌酸锌镁一水肌酸粉耐力爆发力运动健身增肌补剂官方旗舰店,73,7万+人付款,回头客10万康比特体育科技旗舰店,//detail.tmall.com/item.htm?id=640468642224&ns=1&abbucket=7&xxc=taobaoSearch&mi_id=0000Ye_xGYGCRlnkvECfGlV4nyryT6jSesB_BXH8GCASbMo&skuId=6248616530251&priceTId=214780b017887048905222613e109b&utparam=%7B%22aplus_abtest%22%3A%22a86e99000191815619a0cc7183a6fc4d%22%7D&spm=a21n57.1.item.34
元气码头一水肌酸粉男女健身运动补剂一水肌酸300克,22.8,3000+人付款,肌肉英雄运动营养,//item.taobao.com/item.htm?id=807158966777&ns=1&abbucket=7&xxc=taobaoSearch&mi_id=0000UmSoUTLD6xOGm4EfBgVBA0KqjF4h34FtrP-wpjXWE7U&skuId=5570661872067&priceTId=214780b017887048905222613e109b&utparam=%7B%22aplus_abtest%22%3A%22b55ef699ee64caf5eb154d6a3a1554ca%22%7D&spm=a21n57.1.item.35
肌肉博士肌酸一水肌酸粉果味高纯度300g增健肌耐力爆发力运动健身,39.9,5000+人付款,9年老店AD健身补剂,//item.taobao.com/item.htm?id=764639823319&ns=1&abbucket=7&xxc=taobaoSearch&mi_id=0000idauFp7eWK-jHTupeogfFYG0QZIaI_A-nC3NHO47D1k&skuId=5749034932687&priceTId=214780b017887048905222613e109b&utparam=%7B%22aplus_abtest%22%3A%225f78f87970db6f8d072634835d787b97%22%7D&spm=a21n57.1.item.36
bd必第能量一水肌酸100克袋装多口味性价比99.99纯度健身运动耐力,8.9,5000+人付款,9年老店健美黑军健美补剂正品店,//item.taobao.com/item.htm?id=838200077424&ns=1&abbucket=7&xxc=taobaoSearch&mi_id=0000ncXQiQpznpKaKHThGVufIRRiKSJfcGz7cmFSSl_XOwk&skuId=5947452469601&priceTId=214780b017887048905222613e109b&utparam=%7B%22aplus_abtest%22%3A%22d0d75400108134227f7ef873763ae0b5%22%7D&spm=a21n57.1.item.37
训练怪兽一水肌酸男女运动营养补剂耐力爆发力女性谷氨健身氨基酸,51,2万+人付款,回头客400万阿里健康大药房,//detail.tmall.com/item.htm?id=971325805779&ns=1&abbucket=7&xxc=taobaoSearch&mi_id=0000HrHt6Hex7aU8bTSMMfatP3MJgaYVHB0sL8dlt7p1Ccg&skuId=6206532770859&priceTId=214780b017887048905222613e109b&utparam=%7B%22aplus_abtest%22%3A%22437c7dc4dc68700be3599a28eafde22e%22%7D&spm=a21n57.1.item.38
99.99%欧力普一水肌酸健身运动补剂纯肌酸粉爆发肌肉非锌镁肌酸,27.9,1万+人付款,欧力普旗舰店,//detail.tmall.com/item.htm?id=811211584453&ns=1&abbucket=7&xxc=taobaoSearch&mi_id=0000yXdUtnPHELEziohKcbCYZT6mNL24pXSzx1WHTtIpa1g&skuId=5987898745111&priceTId=214780b017887048905222613e109b&utparam=%7B%22aplus_abtest%22%3A%229a7b11db794d93ec7bcb008a881346b8%22%7D&spm=a21n57.1.item.39
诺特兰德肌酸一水肌酸耐力爆发力运动非支链BCAA健身增肌正品,18.81,900+人付款,回头客1000万天猫超市,//detail.tmall.com/item.htm?id=743389897392&ns=1&abbucket=7&xxc=taobaoSearch&mi_id=0000tOtm4FIVNGnr1n8KT5E8rJ3jffQ5Wbxg1GUIxy_Bt-c&skuId=5125286280790&priceTId=214780b017887048905222613e109b&utparam=%7B%22aplus_abtest%22%3A%225c3f63099547cf52c186879a623ca30f%22%7D&spm=a21n57.1.item.40
诺特兰德肌酸一水肌酸载体肌酸补剂纯肌酸粉体育生锌镁肌酸片,9.3,500+人付款,兰博运动营养,//item.taobao.com/item.htm?id=994368115528&ns=1&abbucket=7&xxc=taobaoSearch&mi_id=0000jLA73drgRkIMjZfBUriM01MJFc0M8fpQk9QbyiX2ZTQ&skuId=5974194908634&priceTId=214780b017887048905222613e109b&utparam=%7B%22aplus_abtest%22%3A%22ac7229198458d475745ab093426add95%22%7D&spm=a21n57.1.item.41
UP训练怪兽一水肌酸袋装便携条装肌酸运动营养补剂耐力爆发力,17.91,1万+人付款,6年老店训练怪兽旗舰店,//detail.tmall.com/item.htm?id=843420026132&ns=1&abbucket=7&xxc=taobaoSearch&mi_id=0000cW1z_rowUadi3Fkg7r47QQzMJxOdppDLCfAcp7c8Eoo&skuId=6248018559653&priceTId=214780b017887048905222613e109b&utparam=%7B%22aplus_abtest%22%3A%229edfcfc785066765d41c319d36b6e5cd%22%7D&spm=a21n57.1.item.42
肌肉博士肌酸粉300克一水肌酸锌镁肌酸增肌健身男女爆发耐力,39.9,5000+人付款,正品奥赛周边,//item.taobao.com/item.htm?id=674263240568&ns=1&abbucket=7&xxc=taobaoSearch&mi_id=0000qhrQnFqkLf1V2M_STOtNQao2M9elfp-x7UaWPUFiRYw&skuId=6014694481610&priceTId=214780b017887048905222613e109b&utparam=%7B%22aplus_abtest%22%3A%22ae30a3449f11c20723e29f72cb72ab8b%22%7D&spm=a21n57.1.item.43
Myprotein己能 熊猫一水肌酸健身补剂增强耐力爆发运动营养品250g,71.91,3万+人付款,回头客9万Myprotein海外旗舰店,//detail.tmall.com/item.htm?id=606699958890&ns=1&abbucket=7&xxc=taobaoSearch&mi_id=0000TvvtwE4tK8sb6veeF1mc67bgBsSx5BY_MpN0mZBEu1k&skuId=6222566027276&priceTId=214780b017887048905222613e109b&utparam=%7B%22aplus_abtest%22%3A%2258c07d6943e5a94d5713e43d7bd16d30%22%7D&spm=a21n57.1.item.44
ON 奥普帝蒙 绿标一水肌酸粉100g/200g肌酸男女健身粉,69,4万+人付款,6年老店ON奥普帝蒙旗舰店,//detail.tmall.com/item.htm?id=619646208020&ns=1&abbucket=7&xxc=taobaoSearch&mi_id=0000zjCiNGXMpi9hj9OXlLJAjFDSsp-VeRTigUBEvYCur40&skuId=6241070426620&priceTId=214780b017887048905222613e109b&utparam=%7B%22aplus_abtest%22%3A%227d0fb9967cecd0949c07aae8b1273a86%22%7D&spm=a21n57.1.item.45
【回购正装立减5元】FoYes快充肌酸一水锌镁肌酸粉力量耐力爆发力,6.07,8000+人付款,FoYes运动营养旗舰店,//detail.tmall.com/item.htm?id=1026752606293&ns=1&abbucket=7&xxc=taobaoSearch&mi_id=0000L6-eh3DSShop1eip2zkH4CPZgpZ9MVqIg4_d5mE2BYg&skuId=6203896167758&priceTId=214780b017887048905222613e109b&utparam=%7B%22aplus_abtest%22%3A%2264dbc85facd88ad27306fe2e80dc7766%22%7D&spm=a21n57.1.item.46
myprotein熊猫纯一水肌酸健身运动学生爆发力耐力非氮泵英国进口,47.9,6000+人付款,乘峰运动,//item.taobao.com/item.htm?id=940502786517&ns=1&abbucket=7&xxc=taobaoSearch&mi_id=0000-L97MbUNKKOld1fXnZokidjMxj9S-pOEy0QbmbW8cXk&skuId=6004730102861&priceTId=214780b017887048905222613e109b&utparam=%7B%22aplus_abtest%22%3A%22e38a96088b4081c81c34f63daf0a034e%22%7D&spm=a21n57.1.item.47
康比特纯一水肌酸耐力爆发增肌运动健身补剂锌镁肌酸粉官方旗舰店,73,2万+人付款,回头客10万康比特体育科技旗舰店,//detail.tmall.com/item.htm?id=595111277563&ns=1&abbucket=7&xxc=taobaoSearch&mi_id=00009ndV0ik86TvGg9kUhWYTylB4k5MaZwXFpqvAkGe54WM&skuId=6272044662052&priceTId=214780b017887048905222613e109b&utparam=%7B%22aplus_abtest%22%3A%221b93098611d3936eede663b2ae653bca%22%7D&spm=a21n57.1.item.48
bd必第能量一水肌酸粉纯肌酸粉100g健身运动力量耐力爆发力氨基酸,9.9,1万+人付款,老伟的皇冠补剂店,//item.taobao.com/item.htm?id=845418378705&ns=1&abbucket=7&xxc=taobaoSearch&mi_id=000012GAjYWzjivhvSeZRpHZTgKmFKvfaixywV1WF364cKc&skuId=6129333545918&priceTId=214780b017887048905222613e109b&utparam=%7B%22aplus_abtest%22%3A%2264f68156b10162e93a46af1d8a698183%22%7D&spm=a21n57.1.item.49
美国ON奥普帝蒙欧普特蒙纯肌酸粉健身一水肌酸氮泵力量爆发力300g,103.95,2万+人付款,黑黑老大的地盘,//item.taobao.com/item.htm?id=704184813217&ns=1&abbucket=7&xxc=taobaoSearch&mi_id=0000fvlwD6GQZp_jry7-iyO_EUj2aGVU6cCWJ_m0BBoMtaA&skuId=5250408188936&priceTId=214780b017887048905222613e109b&utparam=%7B%22aplus_abtest%22%3A%222979a1c0719881b50c81c621d05ea2ec%22%7D&spm=a21n57.1.item.50
FoYes肌酸锌镁一水肌酸粉耐力非氮泵氨基酸健身增肌补剂旗舰正品,53,3万+人付款,回头客400万阿里健康大药房,//detail.tmall.com/item.htm?id=904795850196&ns=1&abbucket=7&xxc=taobaoSearch&mi_id=0000c4Dpxf9gDkg8IpUVfoVNGOYjowEGMMckrgOB8rlGJ5k&skuId=5953888180490&priceTId=214780b017887048905222613e109b&utparam=%7B%22aplus_abtest%22%3A%22877c8e3cc27b6ce16c37040bc14e77b9%22%7D&spm=a21n57.1.item.51
